{
  "responseHeader":{
    "status":0,
    "QTime":0,
    "params":{
      "q":"*:*",
      "start":"200",
      "fq":["cognome: masci",
        "nome: federico"],
      "rows":"40"}},
  "response":{"numFound":238,"start":200,"docs":[
      {
        "piazzamento":0,
        "ordine":1,
        "lunghezza_vasca":"25m",
        "atleta":"MASCI FEDERICO",
        "corsia":0,
        "cognome":"MASCI",
        "luogo":"Roma",
        "data_risultato":1521846000,
        "tempo_base":5617,
        "id_evento":133009,
        "id_categoria":"68",
        "id_societa":826,
        "turno":"Serie",
        "id_gara":1065093,
        "update_time":"2018-11-04T14:31:10Z",
        "codice_fiscale":"MSCFRC75D11H501C",
        "descrizione_risultato":"Individuale",
        "sigla_categoria":"M40",
        "tempo_ufficiale":11604,
        "codice_gara":"41",
        "id_master_ris":"2020151-826",
        "data_nascita":"1975-04-11T00:00:00Z",
        "denominazione":"Flaminio Sporting Club",
        "id":"2020151",
        "id_tipo_cronometraggio":2,
        "descrizione_breve":"100 FA",
        "id_comitato":0,
        "tipo_cronometraggio":"Automatico",
        "lunghezza":"25",
        "straniero":"ITA",
        "id_cp":0,
        "categoria":"Master 40",
        "nome":"FEDERICO",
        "id_turno":1,
        "id_atleta":632277,
        "id_tipo_gara":14,
        "batteria":0,
        "cittadinanza":"ITA",
        "descrizione":"1° Trofeo Master Babel",
        "id_tipo_risultato":1,
        "stagione":2017,
        "sesso":"M",
        "gara":"100 Farfalla",
        "sigla_comitato":"FIN",
        "id_lunghezza_vasca":1,
        "livello":"true",
        "_version_":1751350080698318850},
      {
        "piazzamento":0,
        "ordine":1,
        "lunghezza_vasca":"25m",
        "atleta":"MASCI FEDERICO",
        "corsia":0,
        "cognome":"MASCI",
        "luogo":"Pomezia",
        "data_risultato":1520722800,
        "tempo_base":5834,
        "id_evento":132999,
        "id_categoria":"68",
        "id_societa":826,
        "turno":"Serie",
        "id_gara":1066715,
        "update_time":"2018-11-04T14:31:10Z",
        "codice_fiscale":"MSCFRC75D11H501C",
        "descrizione_risultato":"Individuale",
        "sigla_categoria":"M40",
        "tempo_ufficiale":11269,
        "codice_gara":"51",
        "id_master_ris":"2014251-826",
        "data_nascita":"1975-04-11T00:00:00Z",
        "denominazione":"Flaminio Sporting Club",
        "id":"2014251",
        "id_tipo_cronometraggio":2,
        "descrizione_breve":"100 MI",
        "id_comitato":0,
        "tipo_cronometraggio":"Automatico",
        "lunghezza":"25",
        "straniero":"ITA",
        "id_cp":0,
        "categoria":"Master 40",
        "nome":"FEDERICO",
        "id_turno":1,
        "id_atleta":632277,
        "id_tipo_gara":16,
        "batteria":0,
        "cittadinanza":"ITA",
        "descrizione":"7° Trofeo Latina Aquateam",
        "id_tipo_risultato":1,
        "stagione":2017,
        "sesso":"M",
        "gara":"100 Misti",
        "sigla_comitato":"FIN",
        "id_lunghezza_vasca":1,
        "livello":"true",
        "_version_":1751350081105166336},
      {
        "piazzamento":0,
        "ordine":1,
        "lunghezza_vasca":"25m",
        "atleta":"MASCI FEDERICO",
        "corsia":0,
        "cognome":"MASCI",
        "luogo":"Ostia",
        "data_risultato":1517612400,
        "tempo_base":20805,
        "id_evento":133010,
        "id_categoria":"68",
        "id_societa":826,
        "turno":"Serie",
        "id_gara":1067866,
        "update_time":"2018-11-04T14:31:10Z",
        "codice_fiscale":"MSCFRC75D11H501C",
        "descrizione_risultato":"Individuale",
        "sigla_categoria":"M40",
        "tempo_ufficiale":23983,
        "codice_gara":"52",
        "id_master_ris":"2022742-826",
        "data_nascita":"1975-04-11T00:00:00Z",
        "denominazione":"Flaminio Sporting Club",
        "id":"2022742",
        "id_tipo_cronometraggio":2,
        "descrizione_breve":"200 MI",
        "id_comitato":0,
        "tipo_cronometraggio":"Automatico",
        "lunghezza":"25",
        "straniero":"ITA",
        "id_cp":0,
        "categoria":"Master 40",
        "nome":"FEDERICO",
        "id_turno":1,
        "id_atleta":632277,
        "id_tipo_gara":17,
        "batteria":0,
        "cittadinanza":"ITA",
        "descrizione":"Regionali Lazio",
        "id_tipo_risultato":1,
        "stagione":2017,
        "sesso":"M",
        "gara":"200 Misti",
        "sigla_comitato":"FIN",
        "id_lunghezza_vasca":1,
        "livello":"true",
        "_version_":1751350081435467779},
      {
        "piazzamento":0,
        "ordine":1,
        "lunghezza_vasca":"50m",
        "atleta":"MASCI FEDERICO",
        "corsia":0,
        "cognome":"MASCI",
        "luogo":"Roma",
        "data_risultato":1527372000,
        "tempo_base":5284,
        "id_evento":133059,
        "id_categoria":"68",
        "id_societa":826,
        "turno":"Serie",
        "id_gara":1047501,
        "update_time":"2018-11-04T14:32:24Z",
        "codice_fiscale":"MSCFRC75D11H501C",
        "descrizione_risultato":"Individuale",
        "sigla_categoria":"M40",
        "tempo_ufficiale":10733,
        "codice_gara":"01",
        "id_master_ris":"2062212-826",
        "data_nascita":"1975-04-11T00:00:00Z",
        "denominazione":"Flaminio Sporting Club",
        "id":"2062212",
        "id_tipo_cronometraggio":2,
        "descrizione_breve":"100 SL",
        "id_comitato":0,
        "tipo_cronometraggio":"Automatico",
        "lunghezza":"50",
        "straniero":"ITA",
        "id_cp":0,
        "categoria":"Master 40",
        "nome":"FEDERICO",
        "id_turno":1,
        "id_atleta":632277,
        "id_tipo_gara":2,
        "batteria":0,
        "cittadinanza":"ITA",
        "descrizione":"18° Meeting Flaminio SC",
        "id_tipo_risultato":1,
        "stagione":2017,
        "sesso":"M",
        "gara":"100 Stile Libero",
        "sigla_comitato":"FIN",
        "id_lunghezza_vasca":2,
        "livello":"true",
        "_version_":1751350089911107587},
      {
        "piazzamento":0,
        "ordine":1,
        "lunghezza_vasca":"50m",
        "atleta":"MASCI FEDERICO",
        "corsia":0,
        "cognome":"MASCI",
        "luogo":"Roma",
        "data_risultato":1527372000,
        "tempo_base":10024,
        "id_evento":133059,
        "id_categoria":"68",
        "id_societa":826,
        "turno":"Serie",
        "id_gara":1055737,
        "update_time":"2018-11-04T14:32:24Z",
        "codice_fiscale":"MSCFRC75D11H501C",
        "descrizione_risultato":"Individuale",
        "sigla_categoria":"M40",
        "tempo_ufficiale":11577,
        "codice_gara":"21",
        "id_master_ris":"2061940-826",
        "data_nascita":"1975-04-11T00:00:00Z",
        "denominazione":"Flaminio Sporting Club",
        "id":"2061940",
        "id_tipo_cronometraggio":2,
        "descrizione_breve":"100 DO",
        "id_comitato":0,
        "tipo_cronometraggio":"Automatico",
        "lunghezza":"50",
        "straniero":"ITA",
        "id_cp":0,
        "categoria":"Master 40",
        "nome":"FEDERICO",
        "id_turno":1,
        "id_atleta":632277,
        "id_tipo_gara":8,
        "batteria":0,
        "cittadinanza":"ITA",
        "descrizione":"18° Meeting Flaminio SC",
        "id_tipo_risultato":1,
        "stagione":2017,
        "sesso":"M",
        "gara":"100 Dorso",
        "sigla_comitato":"FIN",
        "id_lunghezza_vasca":2,
        "livello":"true",
        "_version_":1751350091300470785},
      {
        "piazzamento":0,
        "ordine":1,
        "lunghezza_vasca":"25m",
        "atleta":"MASCI FEDERICO",
        "corsia":0,
        "cognome":"MASCI",
        "luogo":"Roma",
        "data_risultato":1542495600,
        "tempo_base":5755,
        "id_evento":134198,
        "id_categoria":"68",
        "id_societa":826,
        "turno":"Serie (Diretta)",
        "id_gara":1144521,
        "codice_fiscale":"MSCFRC75D11H501C",
        "descrizione_risultato":"Individuale",
        "sigla_categoria":"M40",
        "tempo_ufficiale":11229,
        "codice_gara":"21",
        "id_master_ris":"2084911-826",
        "data_nascita":"1975-04-11T00:00:00Z",
        "denominazione":"Flaminio Sporting Club",
        "id":"2084911",
        "id_tipo_cronometraggio":2,
        "descrizione_breve":"100 DO",
        "id_comitato":0,
        "tipo_cronometraggio":"Automatico",
        "lunghezza":"25",
        "straniero":"ITA",
        "id_cp":0,
        "categoria":"Master 40",
        "nome":"FEDERICO",
        "id_turno":12,
        "id_atleta":632277,
        "id_tipo_gara":8,
        "batteria":0,
        "cittadinanza":"ITA",
        "descrizione":"3° Meeting Olgiata 20.12",
        "id_tipo_risultato":1,
        "stagione":2018,
        "sesso":"M",
        "gara":"100 Dorso",
        "sigla_comitato":"FIN",
        "id_lunghezza_vasca":1,
        "livello":"false",
        "_version_":1751350098489507843},
      {
        "piazzamento":19,
        "ordine":1,
        "lunghezza_vasca":"25m",
        "atleta":"MASCI FEDERICO",
        "corsia":5,
        "cognome":"MASCI",
        "luogo":"Roma",
        "data_risultato":1551003240,
        "tempo_base":5755,
        "id_evento":134809,
        "id_categoria":"68",
        "id_societa":826,
        "turno":"Serie (Diretta)",
        "id_gara":1175039,
        "codice_fiscale":"MSCFRC75D11H501C",
        "descrizione_risultato":"Individuale",
        "sigla_categoria":"M40",
        "tempo_ufficiale":11021,
        "codice_gara":"21",
        "id_master_ris":"2179906-826",
        "data_nascita":"1975-04-11T00:00:00Z",
        "denominazione":"Flaminio Sporting Club",
        "id":"2179906",
        "id_tipo_cronometraggio":2,
        "descrizione_breve":"100 DO",
        "id_comitato":12,
        "tipo_cronometraggio":"Automatico",
        "lunghezza":"25",
        "straniero":"ITA",
        "id_cp":12,
        "categoria":"Master 40",
        "nome":"FEDERICO",
        "id_turno":12,
        "id_atleta":632277,
        "id_tipo_gara":8,
        "batteria":7,
        "cittadinanza":"ITA",
        "descrizione":"Campionati Regionali Master Lazio",
        "id_tipo_risultato":1,
        "stagione":2018,
        "sesso":"M",
        "gara":"100 Dorso",
        "sigla_comitato":"LAZ",
        "id_lunghezza_vasca":1,
        "livello":"false",
        "_version_":1751350098490556417},
      {
        "piazzamento":14,
        "ordine":1,
        "lunghezza_vasca":"25m",
        "atleta":"MASCI FEDERICO",
        "corsia":2,
        "cognome":"MASCI",
        "luogo":"Roma",
        "data_risultato":1549789740,
        "tempo_base":20663,
        "id_evento":134809,
        "id_categoria":"68",
        "id_societa":826,
        "turno":"Serie (Diretta)",
        "id_gara":1174380,
        "codice_fiscale":"MSCFRC75D11H501C",
        "descrizione_risultato":"Individuale",
        "sigla_categoria":"M40",
        "tempo_ufficiale":23539,
        "codice_gara":"22",
        "id_master_ris":"2180072-826",
        "data_nascita":"1975-04-11T00:00:00Z",
        "denominazione":"Flaminio Sporting Club",
        "id":"2180072",
        "id_tipo_cronometraggio":2,
        "descrizione_breve":"200 DO",
        "id_comitato":12,
        "tipo_cronometraggio":"Automatico",
        "lunghezza":"25",
        "straniero":"ITA",
        "id_cp":12,
        "categoria":"Master 40",
        "nome":"FEDERICO",
        "id_turno":12,
        "id_atleta":632277,
        "id_tipo_gara":9,
        "batteria":8,
        "cittadinanza":"ITA",
        "descrizione":"Campionati Regionali Master Lazio",
        "id_tipo_risultato":1,
        "stagione":2018,
        "sesso":"M",
        "gara":"200 Dorso",
        "sigla_comitato":"LAZ",
        "id_lunghezza_vasca":1,
        "livello":"false",
        "_version_":1751350098625822722},
      {
        "piazzamento":0,
        "ordine":1,
        "lunghezza_vasca":"25m",
        "atleta":"MASCI FEDERICO",
        "corsia":0,
        "cognome":"MASCI",
        "luogo":"Roma",
        "data_risultato":1542495600,
        "tempo_base":20805,
        "id_evento":134198,
        "id_categoria":"68",
        "id_societa":826,
        "turno":"Serie (Diretta)",
        "id_gara":1144524,
        "codice_fiscale":"MSCFRC75D11H501C",
        "descrizione_risultato":"Individuale",
        "sigla_categoria":"M40",
        "tempo_ufficiale":24557,
        "codice_gara":"52",
        "id_master_ris":"2084912-826",
        "data_nascita":"1975-04-11T00:00:00Z",
        "denominazione":"Flaminio Sporting Club",
        "id":"2084912",
        "id_tipo_cronometraggio":2,
        "descrizione_breve":"200 MI",
        "id_comitato":0,
        "tipo_cronometraggio":"Automatico",
        "lunghezza":"25",
        "straniero":"ITA",
        "id_cp":0,
        "categoria":"Master 40",
        "nome":"FEDERICO",
        "id_turno":12,
        "id_atleta":632277,
        "id_tipo_gara":17,
        "batteria":0,
        "cittadinanza":"ITA",
        "descrizione":"3° Meeting Olgiata 20.12",
        "id_tipo_risultato":1,
        "stagione":2018,
        "sesso":"M",
        "gara":"200 Misti",
        "sigla_comitato":"FIN",
        "id_lunghezza_vasca":1,
        "livello":"false",
        "_version_":1751350100873969666},
      {
        "piazzamento":9,
        "ordine":1,
        "lunghezza_vasca":"25m",
        "atleta":"MASCI FEDERICO",
        "corsia":5,
        "cognome":"MASCI",
        "luogo":"Roma",
        "data_risultato":1553442540,
        "tempo_base":20663,
        "id_evento":135677,
        "id_categoria":"68",
        "id_societa":826,
        "turno":"Serie (Diretta)",
        "id_gara":1208280,
        "codice_fiscale":"MSCFRC75D11H501C",
        "descrizione_risultato":"Individuale",
        "sigla_categoria":"M40",
        "tempo_ufficiale":23433,
        "codice_gara":"22",
        "id_master_ris":"2270240-826",
        "data_nascita":"1975-04-11T00:00:00Z",
        "denominazione":"Flaminio Sporting Club",
        "id":"2270240",
        "id_tipo_cronometraggio":2,
        "descrizione_breve":"200 DO",
        "id_comitato":0,
        "tipo_cronometraggio":"Automatico",
        "lunghezza":"25",
        "straniero":"ITA",
        "id_cp":0,
        "categoria":"Master 40",
        "nome":"FEDERICO",
        "id_turno":12,
        "id_atleta":632277,
        "id_tipo_gara":9,
        "batteria":4,
        "cittadinanza":"ITA",
        "descrizione":"2° Trofeo Master Babel",
        "id_tipo_risultato":1,
        "stagione":2018,
        "sesso":"M",
        "gara":"200 Dorso",
        "sigla_comitato":"FIN",
        "id_lunghezza_vasca":1,
        "livello":"false",
        "_version_":1751350111625019392},
      {
        "piazzamento":0,
        "ordine":1,
        "lunghezza_vasca":"25m",
        "atleta":"MASCI FEDERICO",
        "corsia":0,
        "cognome":"MASCI",
        "luogo":"Viterbo",
        "data_risultato":1548457200,
        "tempo_base":2662,
        "id_evento":134412,
        "id_categoria":"68",
        "id_societa":826,
        "turno":"Serie (Diretta)",
        "id_gara":1156871,
        "codice_fiscale":"MSCFRC75D11H501C",
        "descrizione_risultato":"Individuale",
        "sigla_categoria":"M40",
        "tempo_ufficiale":3237,
        "codice_gara":"20",
        "id_master_ris":"2286129-826",
        "data_nascita":"1975-04-11T00:00:00Z",
        "denominazione":"Flaminio Sporting Club",
        "id":"2286129",
        "id_tipo_cronometraggio":2,
        "descrizione_breve":"50 DO",
        "id_comitato":0,
        "tipo_cronometraggio":"Automatico",
        "lunghezza":"25",
        "straniero":"ITA",
        "id_cp":0,
        "categoria":"Master 40",
        "nome":"FEDERICO",
        "id_turno":12,
        "id_atleta":632277,
        "id_tipo_gara":7,
        "batteria":0,
        "cittadinanza":"ITA",
        "descrizione":"2° Trofeo AB Team - con U25",
        "id_tipo_risultato":1,
        "stagione":2018,
        "sesso":"M",
        "gara":"50 Dorso",
        "sigla_comitato":"FIN",
        "id_lunghezza_vasca":1,
        "livello":"false",
        "_version_":1751350112690372611},
      {
        "piazzamento":0,
        "ordine":1,
        "lunghezza_vasca":"25m",
        "atleta":"MASCI FEDERICO",
        "corsia":0,
        "cognome":"MASCI",
        "data_risultato":1547334000,
        "tempo_base":5755,
        "id_evento":134277,
        "id_categoria":"68",
        "id_societa":826,
        "turno":"Serie (Diretta)",
        "id_gara":1170955,
        "codice_fiscale":"MSCFRC75D11H501C",
        "descrizione_risultato":"Individuale",
        "sigla_categoria":"M40",
        "tempo_ufficiale":11112,
        "codice_gara":"21",
        "id_master_ris":"2284492-826",
        "data_nascita":"1975-04-11T00:00:00Z",
        "denominazione":"Flaminio Sporting Club",
        "id":"2284492",
        "id_tipo_cronometraggio":2,
        "descrizione_breve":"100 DO",
        "id_comitato":0,
        "tipo_cronometraggio":"Automatico",
        "lunghezza":"25",
        "straniero":"ITA",
        "id_cp":0,
        "categoria":"Master 40",
        "nome":"FEDERICO",
        "id_turno":12,
        "id_atleta":632277,
        "id_tipo_gara":8,
        "batteria":0,
        "cittadinanza":"ITA",
        "descrizione":"23° Trofeo Forum Sprint",
        "id_tipo_risultato":1,
        "stagione":2018,
        "sesso":"M",
        "gara":"100 Dorso",
        "sigla_comitato":"FIN",
        "id_lunghezza_vasca":1,
        "livello":"false",
        "_version_":1751350112715538432},
      {
        "piazzamento":0,
        "ordine":1,
        "lunghezza_vasca":"25m",
        "atleta":"MASCI FEDERICO",
        "corsia":0,
        "cognome":"MASCI",
        "luogo":"Viterbo",
        "data_risultato":1548457200,
        "tempo_base":20663,
        "id_evento":134412,
        "id_categoria":"68",
        "id_societa":826,
        "turno":"Serie (Diretta)",
        "id_gara":1156872,
        "codice_fiscale":"MSCFRC75D11H501C",
        "descrizione_risultato":"Individuale",
        "sigla_categoria":"M40",
        "tempo_ufficiale":23466,
        "codice_gara":"22",
        "id_master_ris":"2286130-826",
        "data_nascita":"1975-04-11T00:00:00Z",
        "denominazione":"Flaminio Sporting Club",
        "id":"2286130",
        "id_tipo_cronometraggio":2,
        "descrizione_breve":"200 DO",
        "id_comitato":0,
        "tipo_cronometraggio":"Automatico",
        "lunghezza":"25",
        "straniero":"ITA",
        "id_cp":0,
        "categoria":"Master 40",
        "nome":"FEDERICO",
        "id_turno":12,
        "id_atleta":632277,
        "id_tipo_gara":9,
        "batteria":0,
        "cittadinanza":"ITA",
        "descrizione":"2° Trofeo AB Team - con U25",
        "id_tipo_risultato":1,
        "stagione":2018,
        "sesso":"M",
        "gara":"200 Dorso",
        "sigla_comitato":"FIN",
        "id_lunghezza_vasca":1,
        "livello":"false",
        "_version_":1751350112729169921},
      {
        "piazzamento":0,
        "ordine":1,
        "lunghezza_vasca":"25m",
        "atleta":"MASCI FEDERICO",
        "corsia":0,
        "cognome":"MASCI",
        "data_risultato":1547334000,
        "tempo_base":5834,
        "id_evento":134277,
        "id_categoria":"68",
        "id_societa":826,
        "turno":"Serie (Diretta)",
        "id_gara":1170957,
        "codice_fiscale":"MSCFRC75D11H501C",
        "descrizione_risultato":"Individuale",
        "sigla_categoria":"M40",
        "tempo_ufficiale":11264,
        "codice_gara":"51",
        "id_master_ris":"2284736-826",
        "data_nascita":"1975-04-11T00:00:00Z",
        "denominazione":"Flaminio Sporting Club",
        "id":"2284736",
        "id_tipo_cronometraggio":2,
        "descrizione_breve":"100 MI",
        "id_comitato":0,
        "tipo_cronometraggio":"Automatico",
        "lunghezza":"25",
        "straniero":"ITA",
        "id_cp":0,
        "categoria":"Master 40",
        "nome":"FEDERICO",
        "id_turno":12,
        "id_atleta":632277,
        "id_tipo_gara":16,
        "batteria":0,
        "cittadinanza":"ITA",
        "descrizione":"23° Trofeo Forum Sprint",
        "id_tipo_risultato":1,
        "stagione":2018,
        "sesso":"M",
        "gara":"100 Misti",
        "sigla_comitato":"FIN",
        "id_lunghezza_vasca":1,
        "livello":"false",
        "_version_":1751350112974536706},
      {
        "piazzamento":0,
        "ordine":1,
        "lunghezza_vasca":"25m",
        "atleta":"MASCI FEDERICO",
        "corsia":0,
        "cognome":"MASCI",
        "luogo":"Roma",
        "data_risultato":1579388400,
        "tempo_base":2700,
        "id_evento":136813,
        "id_categoria":"70",
        "id_societa":826,
        "turno":"Serie (Diretta)",
        "id_gara":1263535,
        "codice_fiscale":"MSCFRC75D11H501C",
        "descrizione_risultato":"Individuale",
        "sigla_categoria":"M45",
        "tempo_ufficiale":3242,
        "codice_gara":"20",
        "id_master_ris":"2508496-826",
        "data_nascita":"1975-04-11T00:00:00Z",
        "denominazione":"Flaminio Sporting Club",
        "id":"2508496",
        "id_tipo_cronometraggio":2,
        "descrizione_breve":"50 DO",
        "id_comitato":0,
        "tipo_cronometraggio":"Automatico",
        "lunghezza":"25",
        "straniero":"ITA",
        "id_cp":0,
        "categoria":"Master 45",
        "nome":"FEDERICO",
        "id_turno":12,
        "id_atleta":632277,
        "id_tipo_gara":7,
        "batteria":0,
        "cittadinanza":"ITA",
        "descrizione":"24° Trofeo Forum Sprint",
        "id_tipo_risultato":1,
        "stagione":2019,
        "sesso":"M",
        "gara":"50 Dorso",
        "sigla_comitato":"FIN",
        "id_lunghezza_vasca":1,
        "livello":"false",
        "_version_":1751350131948519425},
      {
        "piazzamento":0,
        "ordine":1,
        "lunghezza_vasca":"25m",
        "atleta":"MASCI FEDERICO",
        "corsia":0,
        "cognome":"MASCI",
        "luogo":"Roma",
        "data_risultato":1579388400,
        "tempo_base":5987,
        "id_evento":136813,
        "id_categoria":"70",
        "id_societa":826,
        "turno":"Serie (Diretta)",
        "id_gara":1263536,
        "codice_fiscale":"MSCFRC75D11H501C",
        "descrizione_risultato":"Individuale",
        "sigla_categoria":"M45",
        "tempo_ufficiale":11224,
        "codice_gara":"51",
        "id_master_ris":"2507885-826",
        "data_nascita":"1975-04-11T00:00:00Z",
        "denominazione":"Flaminio Sporting Club",
        "id":"2507885",
        "id_tipo_cronometraggio":2,
        "descrizione_breve":"100 MI",
        "id_comitato":0,
        "tipo_cronometraggio":"Automatico",
        "lunghezza":"25",
        "straniero":"ITA",
        "id_cp":0,
        "categoria":"Master 45",
        "nome":"FEDERICO",
        "id_turno":12,
        "id_atleta":632277,
        "id_tipo_gara":16,
        "batteria":0,
        "cittadinanza":"ITA",
        "descrizione":"24° Trofeo Forum Sprint",
        "id_tipo_risultato":1,
        "stagione":2019,
        "sesso":"M",
        "gara":"100 Misti",
        "sigla_comitato":"FIN",
        "id_lunghezza_vasca":1,
        "livello":"false",
        "_version_":1751350132513701888},
      {
        "piazzamento":0,
        "ordine":1,
        "lunghezza_vasca":"25m",
        "atleta":"MASCI FEDERICO",
        "corsia":0,
        "cognome":"MASCI",
        "luogo":"Roma",
        "data_risultato":1558821600,
        "tempo_base":2655,
        "id_evento":134947,
        "id_categoria":"68",
        "id_societa":826,
        "turno":"Serie (Diretta)",
        "id_gara":1194495,
        "codice_fiscale":"MSCFRC75D11H501C",
        "descrizione_risultato":"Individuale",
        "sigla_categoria":"M40",
        "tempo_ufficiale":3223,
        "codice_gara":"20",
        "id_master_ris":"2513544-826",
        "data_nascita":"1975-04-11T00:00:00Z",
        "denominazione":"Flaminio Sporting Club",
        "id":"2513544",
        "id_tipo_cronometraggio":2,
        "descrizione_breve":"50 DO",
        "id_comitato":0,
        "tipo_cronometraggio":"Automatico",
        "lunghezza":"25",
        "straniero":"ITA",
        "id_cp":0,
        "categoria":"Master 40",
        "nome":"FEDERICO",
        "id_turno":12,
        "id_atleta":632277,
        "id_tipo_gara":7,
        "batteria":0,
        "cittadinanza":"ITA",
        "descrizione":"19° Meeting Flaminio SC",
        "id_tipo_risultato":1,
        "stagione":2018,
        "sesso":"M",
        "gara":"50 Dorso",
        "sigla_comitato":"FIN",
        "id_lunghezza_vasca":1,
        "livello":"false",
        "_version_":1751350134994632705},
      {
        "piazzamento":0,
        "ordine":1,
        "lunghezza_vasca":"25m",
        "atleta":"MASCI FEDERICO",
        "corsia":0,
        "cognome":"MASCI",
        "luogo":"Roma",
        "data_risultato":1558821600,
        "tempo_base":2890,
        "id_evento":134947,
        "id_categoria":"68",
        "id_societa":826,
        "turno":"Serie (Diretta)",
        "id_gara":1194515,
        "codice_fiscale":"MSCFRC75D11H501C",
        "descrizione_risultato":"Individuale",
        "sigla_categoria":"M40",
        "tempo_ufficiale":3868,
        "codice_gara":"30",
        "id_master_ris":"2513543-826",
        "data_nascita":"1975-04-11T00:00:00Z",
        "denominazione":"Flaminio Sporting Club",
        "id":"2513543",
        "id_tipo_cronometraggio":2,
        "descrizione_breve":"50 RA",
        "id_comitato":0,
        "tipo_cronometraggio":"Automatico",
        "lunghezza":"25",
        "straniero":"ITA",
        "id_cp":0,
        "categoria":"Master 40",
        "nome":"FEDERICO",
        "id_turno":12,
        "id_atleta":632277,
        "id_tipo_gara":10,
        "batteria":0,
        "cittadinanza":"ITA",
        "descrizione":"19° Meeting Flaminio SC",
        "id_tipo_risultato":1,
        "stagione":2018,
        "sesso":"M",
        "gara":"50 Rana",
        "sigla_comitato":"FIN",
        "id_lunghezza_vasca":1,
        "livello":"false",
        "_version_":1751350135028187136},
      {
        "piazzamento":69,
        "ordine":1,
        "lunghezza_vasca":"50m",
        "atleta":"MASCI FEDERICO",
        "corsia":0,
        "cognome":"MASCI",
        "luogo":"Riccione",
        "data_risultato":1561711500,
        "tempo_base":2763,
        "id_evento":136080,
        "id_categoria":"68",
        "id_societa":826,
        "turno":"Serie (Diretta)",
        "id_gara":1224021,
        "codice_fiscale":"MSCFRC75D11H501C",
        "descrizione_risultato":"Individuale",
        "sigla_categoria":"M40",
        "tempo_ufficiale":3361,
        "codice_gara":"20",
        "id_master_ris":"2378164-826",
        "data_nascita":"1975-04-11T00:00:00Z",
        "denominazione":"Flaminio Sporting Club",
        "id":"2378164",
        "id_tipo_cronometraggio":2,
        "descrizione_breve":"50 DO",
        "id_comitato":0,
        "tipo_cronometraggio":"Automatico",
        "lunghezza":"50",
        "straniero":"ITA",
        "id_cp":0,
        "categoria":"Master 40",
        "nome":"FEDERICO",
        "id_turno":12,
        "id_atleta":632277,
        "id_tipo_gara":7,
        "batteria":15,
        "cittadinanza":"ITA",
        "descrizione":"Campionati Italiani Estivi - Individuali",
        "id_tipo_risultato":1,
        "stagione":2018,
        "sesso":"M",
        "gara":"50 Dorso",
        "sigla_comitato":"FIN",
        "id_lunghezza_vasca":2,
        "livello":"false",
        "_version_":1751350136618876929},
      {
        "piazzamento":74,
        "ordine":1,
        "lunghezza_vasca":"50m",
        "atleta":"MASCI FEDERICO",
        "corsia":2,
        "cognome":"MASCI",
        "luogo":"Riccione",
        "data_risultato":1561798800,
        "tempo_base":10020,
        "id_evento":136080,
        "id_categoria":"68",
        "id_societa":826,
        "turno":"Serie (Diretta)",
        "id_gara":1224023,
        "codice_fiscale":"MSCFRC75D11H501C",
        "descrizione_risultato":"Individuale",
        "sigla_categoria":"M40",
        "tempo_ufficiale":11456,
        "codice_gara":"21",
        "id_master_ris":"2378626-826",
        "data_nascita":"1975-04-11T00:00:00Z",
        "denominazione":"Flaminio Sporting Club",
        "id":"2378626",
        "id_tipo_cronometraggio":2,
        "descrizione_breve":"100 DO",
        "id_comitato":0,
        "tipo_cronometraggio":"Automatico",
        "lunghezza":"50",
        "straniero":"ITA",
        "id_cp":0,
        "categoria":"Master 40",
        "nome":"FEDERICO",
        "id_turno":12,
        "id_atleta":632277,
        "id_tipo_gara":8,
        "batteria":31,
        "cittadinanza":"ITA",
        "descrizione":"Campionati Italiani Estivi - Individuali",
        "id_tipo_risultato":1,
        "stagione":2018,
        "sesso":"M",
        "gara":"100 Dorso",
        "sigla_comitato":"FIN",
        "id_lunghezza_vasca":2,
        "livello":"false",
        "_version_":1751350136685985793},
      {
        "piazzamento":47,
        "ordine":1,
        "lunghezza_vasca":"50m",
        "atleta":"MASCI FEDERICO",
        "corsia":2,
        "cognome":"MASCI",
        "luogo":"Riccione",
        "data_risultato":1561545540,
        "tempo_base":21330,
        "id_evento":136080,
        "id_categoria":"68",
        "id_societa":826,
        "turno":"Serie (Diretta)",
        "id_gara":1224025,
        "codice_fiscale":"MSCFRC75D11H501C",
        "descrizione_risultato":"Individuale",
        "sigla_categoria":"M40",
        "tempo_ufficiale":24566,
        "codice_gara":"22",
        "id_master_ris":"2379398-826",
        "data_nascita":"1975-04-11T00:00:00Z",
        "denominazione":"Flaminio Sporting Club",
        "id":"2379398",
        "id_tipo_cronometraggio":2,
        "descrizione_breve":"200 DO",
        "id_comitato":0,
        "tipo_cronometraggio":"Automatico",
        "lunghezza":"50",
        "straniero":"ITA",
        "id_cp":0,
        "categoria":"Master 40",
        "nome":"FEDERICO",
        "id_turno":12,
        "id_atleta":632277,
        "id_tipo_gara":9,
        "batteria":7,
        "cittadinanza":"ITA",
        "descrizione":"Campionati Italiani Estivi - Individuali",
        "id_tipo_risultato":1,
        "stagione":2018,
        "sesso":"M",
        "gara":"200 Dorso",
        "sigla_comitato":"FIN",
        "id_lunghezza_vasca":2,
        "livello":"false",
        "_version_":1751350136727928833},
      {
        "piazzamento":21,
        "ordine":1,
        "lunghezza_vasca":"25m",
        "atleta":"MASCI FEDERICO",
        "corsia":4,
        "cognome":"MASCI",
        "luogo":"Roma",
        "data_risultato":1582452780,
        "tempo_base":5854,
        "id_evento":136828,
        "id_categoria":"70",
        "id_societa":826,
        "turno":"Serie (Diretta)",
        "id_gara":1260827,
        "codice_fiscale":"MSCFRC75D11H501C",
        "descrizione_risultato":"Individuale",
        "sigla_categoria":"M45",
        "tempo_ufficiale":11024,
        "codice_gara":"21",
        "id_master_ris":"2598998-826",
        "data_nascita":"1975-04-11T00:00:00Z",
        "denominazione":"Flaminio Sporting Club",
        "id":"2598998",
        "id_tipo_cronometraggio":2,
        "descrizione_breve":"100 DO",
        "id_comitato":12,
        "tipo_cronometraggio":"Automatico",
        "lunghezza":"25",
        "straniero":"ITA",
        "id_cp":12,
        "categoria":"Master 45",
        "nome":"FEDERICO",
        "id_turno":12,
        "id_atleta":632277,
        "id_tipo_gara":8,
        "batteria":7,
        "cittadinanza":"ITA",
        "descrizione":"Campionati Regionali Master Lazio",
        "id_tipo_risultato":1,
        "stagione":2019,
        "sesso":"M",
        "gara":"100 Dorso",
        "sigla_comitato":"LAZ",
        "id_lunghezza_vasca":1,
        "livello":"false",
        "_version_":1751350138371047426},
      {
        "piazzamento":10,
        "ordine":1,
        "lunghezza_vasca":"25m",
        "atleta":"MASCI FEDERICO",
        "corsia":5,
        "cognome":"MASCI",
        "luogo":"Roma",
        "data_risultato":1581238260,
        "tempo_base":21061,
        "id_evento":136828,
        "id_categoria":"70",
        "id_societa":826,
        "turno":"Serie (Diretta)",
        "id_gara":1260760,
        "codice_fiscale":"MSCFRC75D11H501C",
        "descrizione_risultato":"Individuale",
        "sigla_categoria":"M45",
        "tempo_ufficiale":23310,
        "codice_gara":"22",
        "id_master_ris":"2599146-826",
        "data_nascita":"1975-04-11T00:00:00Z",
        "denominazione":"Flaminio Sporting Club",
        "id":"2599146",
        "id_tipo_cronometraggio":2,
        "descrizione_breve":"200 DO",
        "id_comitato":12,
        "tipo_cronometraggio":"Automatico",
        "lunghezza":"25",
        "straniero":"ITA",
        "id_cp":12,
        "categoria":"Master 45",
        "nome":"FEDERICO",
        "id_turno":12,
        "id_atleta":632277,
        "id_tipo_gara":9,
        "batteria":6,
        "cittadinanza":"ITA",
        "descrizione":"Campionati Regionali Master Lazio",
        "id_tipo_risultato":1,
        "stagione":2019,
        "sesso":"M",
        "gara":"200 Dorso",
        "sigla_comitato":"LAZ",
        "id_lunghezza_vasca":1,
        "livello":"false",
        "_version_":1751350138410893314},
      {
        "piazzamento":6,
        "ordine":1,
        "lunghezza_vasca":"25m",
        "atleta":"MASCI FEDERICO",
        "corsia":1,
        "cognome":"MASCI",
        "luogo":"Civitavecchia",
        "data_risultato":1615030500,
        "tempo_base":21061,
        "id_evento":138634,
        "id_categoria":"70",
        "id_societa":826,
        "turno":"Serie (Diretta)",
        "id_gara":1312605,
        "codice_fiscale":"MSCFRC75D11H501C",
        "descrizione_risultato":"Individuale",
        "sigla_categoria":"M45",
        "tempo_ufficiale":23372,
        "codice_gara":"22",
        "id_master_ris":"2682663-826",
        "data_nascita":"1975-04-11T00:00:00Z",
        "denominazione":"Flaminio Sporting Club",
        "id":"2682663",
        "id_tipo_cronometraggio":2,
        "descrizione_breve":"200 DO",
        "id_comitato":12,
        "tipo_cronometraggio":"Automatico",
        "lunghezza":"25",
        "straniero":"ITA",
        "id_cp":12,
        "categoria":"Master 45",
        "nome":"FEDERICO",
        "id_turno":12,
        "id_atleta":632277,
        "id_tipo_gara":9,
        "batteria":1,
        "cittadinanza":"ITA",
        "descrizione":"Campionato Regionale Master Lazio 2021",
        "id_tipo_risultato":1,
        "stagione":2020,
        "sesso":"M",
        "gara":"200 Dorso",
        "sigla_comitato":"LAZ",
        "id_lunghezza_vasca":1,
        "livello":"false",
        "_version_":1751350144051183617},
      {
        "piazzamento":13,
        "ordine":1,
        "lunghezza_vasca":"25m",
        "atleta":"MASCI FEDERICO",
        "corsia":1,
        "cognome":"MASCI",
        "luogo":"Civitavecchia",
        "data_risultato":1616343420,
        "tempo_base":5987,
        "id_evento":138634,
        "id_categoria":"70",
        "id_societa":826,
        "turno":"Serie (Diretta)",
        "id_gara":1312637,
        "codice_fiscale":"MSCFRC75D11H501C",
        "descrizione_risultato":"Individuale",
        "sigla_categoria":"M45",
        "tempo_ufficiale":11082,
        "codice_gara":"51",
        "id_master_ris":"2683326-826",
        "data_nascita":"1975-04-11T00:00:00Z",
        "denominazione":"Flaminio Sporting Club",
        "id":"2683326",
        "id_tipo_cronometraggio":2,
        "descrizione_breve":"100 MI",
        "id_comitato":12,
        "tipo_cronometraggio":"Automatico",
        "lunghezza":"25",
        "straniero":"ITA",
        "id_cp":12,
        "categoria":"Master 45",
        "nome":"FEDERICO",
        "id_turno":12,
        "id_atleta":632277,
        "id_tipo_gara":16,
        "batteria":3,
        "cittadinanza":"ITA",
        "descrizione":"Campionato Regionale Master Lazio 2021",
        "id_tipo_risultato":1,
        "stagione":2020,
        "sesso":"M",
        "gara":"100 Misti",
        "sigla_comitato":"LAZ",
        "id_lunghezza_vasca":1,
        "livello":"false",
        "_version_":1751350144659357699},
      {
        "piazzamento":12,
        "ordine":1,
        "lunghezza_vasca":"50m",
        "atleta":"MASCI FEDERICO",
        "corsia":2,
        "cognome":"MASCI",
        "luogo":"Civitavecchia",
        "data_risultato":1625300640,
        "tempo_base":10154,
        "id_evento":139305,
        "id_categoria":"70",
        "id_societa":826,
        "turno":"Serie (Diretta)",
        "id_gara":1331752,
        "codice_fiscale":"MSCFRC75D11H501C",
        "descrizione_risultato":"Individuale",
        "sigla_categoria":"M45",
        "tempo_ufficiale":11411,
        "codice_gara":"21",
        "id_master_ris":"2744016-826",
        "data_nascita":"1975-04-11T00:00:00Z",
        "denominazione":"Flaminio Sporting Club",
        "id":"2744016",
        "id_tipo_cronometraggio":2,
        "descrizione_breve":"100 DO",
        "id_comitato":12,
        "tipo_cronometraggio":"Automatico",
        "lunghezza":"50",
        "straniero":"ITA",
        "id_cp":12,
        "categoria":"Master 45",
        "nome":"FEDERICO",
        "id_turno":12,
        "id_atleta":632277,
        "id_tipo_gara":8,
        "batteria":2,
        "cittadinanza":"ITA",
        "descrizione":"Campionato Italiano su base regionale Lazio",
        "id_tipo_risultato":1,
        "stagione":2020,
        "sesso":"M",
        "gara":"100 Dorso",
        "sigla_comitato":"LAZ",
        "id_lunghezza_vasca":2,
        "livello":"false",
        "_version_":1751350147663527937},
      {
        "piazzamento":11,
        "ordine":1,
        "lunghezza_vasca":"50m",
        "atleta":"MASCI FEDERICO",
        "corsia":2,
        "cognome":"MASCI",
        "luogo":"Civitavecchia",
        "data_risultato":1624785900,
        "tempo_base":21574,
        "id_evento":139305,
        "id_categoria":"70",
        "id_societa":826,
        "turno":"Serie (Diretta)",
        "id_gara":1331754,
        "codice_fiscale":"MSCFRC75D11H501C",
        "descrizione_risultato":"Individuale",
        "sigla_categoria":"M45",
        "tempo_ufficiale":24384,
        "codice_gara":"22",
        "id_master_ris":"2744100-826",
        "data_nascita":"1975-04-11T00:00:00Z",
        "denominazione":"Flaminio Sporting Club",
        "id":"2744100",
        "id_tipo_cronometraggio":2,
        "descrizione_breve":"200 DO",
        "id_comitato":12,
        "tipo_cronometraggio":"Automatico",
        "lunghezza":"50",
        "straniero":"ITA",
        "id_cp":12,
        "categoria":"Master 45",
        "nome":"FEDERICO",
        "id_turno":12,
        "id_atleta":632277,
        "id_tipo_gara":9,
        "batteria":2,
        "cittadinanza":"ITA",
        "descrizione":"Campionato Italiano su base regionale Lazio",
        "id_tipo_risultato":1,
        "stagione":2020,
        "sesso":"M",
        "gara":"200 Dorso",
        "sigla_comitato":"LAZ",
        "id_lunghezza_vasca":2,
        "livello":"false",
        "_version_":1751350147727491072},
      {
        "piazzamento":0,
        "ordine":1,
        "lunghezza_vasca":"50m",
        "atleta":"MASCI FEDERICO",
        "corsia":0,
        "cognome":"MASCI",
        "luogo":"Roma",
        "data_risultato":1621116000,
        "tempo_base":21598,
        "id_evento":139130,
        "id_categoria":"70",
        "id_societa":826,
        "turno":"Serie (Diretta)",
        "id_gara":1323838,
        "codice_fiscale":"MSCFRC75D11H501C",
        "descrizione_risultato":"Individuale",
        "sigla_categoria":"M45",
        "tempo_ufficiale":24618,
        "codice_gara":"52",
        "id_master_ris":"2710012-826",
        "data_nascita":"1975-04-11T00:00:00Z",
        "denominazione":"Flaminio Sporting Club",
        "id":"2710012",
        "id_tipo_cronometraggio":2,
        "descrizione_breve":"200 MI",
        "id_comitato":0,
        "tipo_cronometraggio":"Automatico",
        "lunghezza":"50",
        "straniero":"ITA",
        "id_cp":0,
        "categoria":"Master 45",
        "nome":"FEDERICO",
        "id_turno":12,
        "id_atleta":632277,
        "id_tipo_gara":17,
        "batteria":0,
        "cittadinanza":"ITA",
        "descrizione":"5° Trofeo Nota chi Nuota",
        "id_tipo_risultato":1,
        "stagione":2020,
        "sesso":"M",
        "gara":"200 Misti",
        "sigla_comitato":"FIN",
        "id_lunghezza_vasca":2,
        "livello":"false",
        "_version_":1751350148505534466},
      {
        "piazzamento":22,
        "ordine":1,
        "lunghezza_vasca":"25m",
        "atleta":"MASCI FEDERICO",
        "corsia":8,
        "cognome":"MASCI",
        "luogo":"Roma",
        "data_risultato":1642287600,
        "tempo_base":2916,
        "id_evento":140255,
        "id_categoria":"70",
        "id_societa":826,
        "turno":"Serie (Diretta)",
        "id_gara":1359413,
        "codice_fiscale":"MSCFRC75D11H501C",
        "descrizione_risultato":"Individuale",
        "sigla_categoria":"M45",
        "tempo_ufficiale":3722,
        "codice_gara":"30",
        "id_master_ris":"2827915-826",
        "data_nascita":"1975-04-11T00:00:00Z",
        "denominazione":"Flaminio Sporting Club",
        "id":"2827915",
        "id_tipo_cronometraggio":2,
        "descrizione_breve":"50 RA",
        "id_comitato":0,
        "tipo_cronometraggio":"Automatico",
        "lunghezza":"25",
        "straniero":"ITA",
        "id_cp":0,
        "categoria":"Master 45",
        "nome":"FEDERICO",
        "id_turno":12,
        "id_atleta":632277,
        "id_tipo_gara":10,
        "batteria":4,
        "cittadinanza":"ITA",
        "descrizione":"Trofeo 25 forum master sprint",
        "id_tipo_risultato":1,
        "stagione":2021,
        "sesso":"M",
        "gara":"50 Rana",
        "sigla_comitato":"FIN",
        "id_lunghezza_vasca":1,
        "livello":"false",
        "_version_":1751350154319888385},
      {
        "piazzamento":18,
        "ordine":1,
        "lunghezza_vasca":"25m",
        "atleta":"MASCI FEDERICO",
        "corsia":2,
        "cognome":"MASCI",
        "luogo":"Roma",
        "data_risultato":1642287600,
        "tempo_base":5987,
        "id_evento":140255,
        "id_categoria":"70",
        "id_societa":826,
        "turno":"Serie (Diretta)",
        "id_gara":1359417,
        "codice_fiscale":"MSCFRC75D11H501C",
        "descrizione_risultato":"Individuale",
        "sigla_categoria":"M45",
        "tempo_ufficiale":11172,
        "codice_gara":"51",
        "id_master_ris":"2828216-826",
        "data_nascita":"1975-04-11T00:00:00Z",
        "denominazione":"Flaminio Sporting Club",
        "id":"2828216",
        "id_tipo_cronometraggio":2,
        "descrizione_breve":"100 MI",
        "id_comitato":0,
        "tipo_cronometraggio":"Automatico",
        "lunghezza":"25",
        "straniero":"ITA",
        "id_cp":0,
        "categoria":"Master 45",
        "nome":"FEDERICO",
        "id_turno":12,
        "id_atleta":632277,
        "id_tipo_gara":16,
        "batteria":3,
        "cittadinanza":"ITA",
        "descrizione":"Trofeo 25 forum master sprint",
        "id_tipo_risultato":1,
        "stagione":2021,
        "sesso":"M",
        "gara":"100 Misti",
        "sigla_comitato":"FIN",
        "id_lunghezza_vasca":1,
        "livello":"false",
        "_version_":1751350154372317186},
      {
        "piazzamento":16,
        "ordine":1,
        "lunghezza_vasca":"25m",
        "atleta":"MASCI FEDERICO",
        "corsia":3,
        "cognome":"MASCI",
        "luogo":"Roma",
        "data_risultato":1645225200,
        "tempo_base":2700,
        "id_evento":140235,
        "id_categoria":"70",
        "id_societa":826,
        "turno":"Serie (Diretta)",
        "id_gara":1358284,
        "codice_fiscale":"MSCFRC75D11H501C",
        "descrizione_risultato":"Individuale",
        "sigla_categoria":"M45",
        "tempo_ufficiale":3232,
        "codice_gara":"20",
        "id_master_ris":"2936594-826",
        "data_nascita":"1975-04-11T00:00:00Z",
        "denominazione":"Flaminio Sporting Club",
        "id":"2936594",
        "id_tipo_cronometraggio":2,
        "descrizione_breve":"50 DO",
        "id_comitato":12,
        "tipo_cronometraggio":"Automatico",
        "lunghezza":"25",
        "straniero":"ITA",
        "id_cp":12,
        "categoria":"Master 45",
        "nome":"FEDERICO",
        "id_turno":12,
        "id_atleta":632277,
        "id_tipo_gara":7,
        "batteria":6,
        "cittadinanza":"ITA",
        "descrizione":"Campionato Regionale Master 2022 - LAZ - 2ª parte",
        "id_tipo_risultato":1,
        "stagione":2021,
        "sesso":"M",
        "gara":"50 Dorso",
        "sigla_comitato":"LAZ",
        "id_lunghezza_vasca":1,
        "livello":"false",
        "_version_":1751350164449132545},
      {
        "piazzamento":11,
        "ordine":1,
        "lunghezza_vasca":"25m",
        "atleta":"MASCI FEDERICO",
        "corsia":2,
        "cognome":"MASCI",
        "luogo":"Roma",
        "data_risultato":1645225200,
        "tempo_base":21061,
        "id_evento":140235,
        "id_categoria":"70",
        "id_societa":826,
        "turno":"Serie (Diretta)",
        "id_gara":1358286,
        "codice_fiscale":"MSCFRC75D11H501C",
        "descrizione_risultato":"Individuale",
        "sigla_categoria":"M45",
        "tempo_ufficiale":23291,
        "codice_gara":"22",
        "id_master_ris":"2936674-826",
        "data_nascita":"1975-04-11T00:00:00Z",
        "denominazione":"Flaminio Sporting Club",
        "id":"2936674",
        "id_tipo_cronometraggio":2,
        "descrizione_breve":"200 DO",
        "id_comitato":12,
        "tipo_cronometraggio":"Automatico",
        "lunghezza":"25",
        "straniero":"ITA",
        "id_cp":12,
        "categoria":"Master 45",
        "nome":"FEDERICO",
        "id_turno":12,
        "id_atleta":632277,
        "id_tipo_gara":9,
        "batteria":6,
        "cittadinanza":"ITA",
        "descrizione":"Campionato Regionale Master 2022 - LAZ - 2ª parte",
        "id_tipo_risultato":1,
        "stagione":2021,
        "sesso":"M",
        "gara":"200 Dorso",
        "sigla_comitato":"LAZ",
        "id_lunghezza_vasca":1,
        "livello":"false",
        "_version_":1751350164679819265},
      {
        "piazzamento":2,
        "ordine":1,
        "lunghezza_vasca":"25m",
        "atleta":"MASCI FEDERICO",
        "corsia":5,
        "cognome":"MASCI",
        "luogo":"Viterbo",
        "data_risultato":1645657200,
        "tempo_base":21061,
        "id_evento":140929,
        "id_categoria":"70",
        "id_societa":826,
        "turno":"Serie (Diretta)",
        "id_gara":1383039,
        "codice_fiscale":"MSCFRC75D11H501C",
        "descrizione_risultato":"Individuale",
        "sigla_categoria":"M45",
        "tempo_ufficiale":23225,
        "codice_gara":"22",
        "id_master_ris":"2989458-826",
        "data_nascita":"1975-04-11T00:00:00Z",
        "denominazione":"Flaminio Sporting Club",
        "id":"2989458",
        "id_tipo_cronometraggio":2,
        "descrizione_breve":"200 DO",
        "id_comitato":0,
        "tipo_cronometraggio":"Automatico",
        "lunghezza":"25",
        "straniero":"ITA",
        "id_cp":0,
        "categoria":"Master 45",
        "nome":"FEDERICO",
        "id_turno":12,
        "id_atleta":632277,
        "id_tipo_gara":9,
        "batteria":20,
        "cittadinanza":"ITA",
        "descrizione":"4° Meeting AB Team",
        "id_tipo_risultato":1,
        "stagione":2021,
        "sesso":"M",
        "gara":"200 Dorso",
        "sigla_comitato":"FIN",
        "id_lunghezza_vasca":1,
        "livello":"false",
        "_version_":1751350164680867840},
      {
        "piazzamento":1,
        "ordine":1,
        "lunghezza_vasca":"25m",
        "atleta":"MASCI FEDERICO",
        "corsia":9,
        "cognome":"MASCI",
        "luogo":"Viterbo",
        "data_risultato":1645657200,
        "tempo_base":21196,
        "id_evento":140929,
        "id_categoria":"70",
        "id_societa":826,
        "turno":"Serie (Diretta)",
        "id_gara":1383062,
        "codice_fiscale":"MSCFRC75D11H501C",
        "descrizione_risultato":"Individuale",
        "sigla_categoria":"M45",
        "tempo_ufficiale":24010,
        "codice_gara":"52",
        "id_master_ris":"2990209-826",
        "data_nascita":"1975-04-11T00:00:00Z",
        "denominazione":"Flaminio Sporting Club",
        "id":"2990209",
        "id_tipo_cronometraggio":2,
        "descrizione_breve":"200 MI",
        "id_comitato":0,
        "tipo_cronometraggio":"Automatico",
        "lunghezza":"25",
        "straniero":"ITA",
        "id_cp":0,
        "categoria":"Master 45",
        "nome":"FEDERICO",
        "id_turno":12,
        "id_atleta":632277,
        "id_tipo_gara":17,
        "batteria":22,
        "cittadinanza":"ITA",
        "descrizione":"4° Meeting AB Team",
        "id_tipo_risultato":1,
        "stagione":2021,
        "sesso":"M",
        "gara":"200 Misti",
        "sigla_comitato":"FIN",
        "id_lunghezza_vasca":1,
        "livello":"false",
        "_version_":1751350166048210946},
      {
        "piazzamento":11,
        "ordine":1,
        "lunghezza_vasca":"50m",
        "atleta":"MASCI FEDERICO",
        "corsia":5,
        "cognome":"MASCI",
        "luogo":"Roma",
        "data_risultato":1653775200,
        "tempo_base":10154,
        "id_evento":140800,
        "id_categoria":"70",
        "id_societa":826,
        "turno":"Serie (Diretta)",
        "id_gara":1382513,
        "codice_fiscale":"MSCFRC75D11H501C",
        "descrizione_risultato":"Individuale",
        "sigla_categoria":"M45",
        "tempo_ufficiale":11577,
        "codice_gara":"21",
        "id_master_ris":"3050559-826",
        "data_nascita":"1975-04-11T00:00:00Z",
        "denominazione":"Flaminio Sporting Club",
        "id":"3050559",
        "id_tipo_cronometraggio":2,
        "descrizione_breve":"100 DO",
        "id_comitato":0,
        "tipo_cronometraggio":"Automatico",
        "lunghezza":"50",
        "straniero":"ITA",
        "id_cp":0,
        "categoria":"Master 45",
        "nome":"FEDERICO",
        "id_turno":12,
        "id_atleta":632277,
        "id_tipo_gara":8,
        "batteria":3,
        "cittadinanza":"ITA",
        "descrizione":"20° Meeting Flaminio SC",
        "id_tipo_risultato":1,
        "stagione":2021,
        "sesso":"M",
        "gara":"100 Dorso",
        "sigla_comitato":"FIN",
        "id_lunghezza_vasca":2,
        "livello":"false",
        "_version_":1751350170800357377},
      {
        "piazzamento":13,
        "ordine":1,
        "lunghezza_vasca":"50m",
        "atleta":"MASCI FEDERICO",
        "corsia":2,
        "cognome":"MASCI",
        "luogo":"Roma",
        "data_risultato":1653775200,
        "tempo_base":21598,
        "id_evento":140800,
        "id_categoria":"70",
        "id_societa":826,
        "turno":"Serie (Diretta)",
        "id_gara":1382523,
        "codice_fiscale":"MSCFRC75D11H501C",
        "descrizione_risultato":"Individuale",
        "sigla_categoria":"M45",
        "tempo_ufficiale":25169,
        "codice_gara":"52",
        "id_master_ris":"3050897-826",
        "data_nascita":"1975-04-11T00:00:00Z",
        "denominazione":"Flaminio Sporting Club",
        "id":"3050897",
        "id_tipo_cronometraggio":2,
        "descrizione_breve":"200 MI",
        "id_comitato":0,
        "tipo_cronometraggio":"Automatico",
        "lunghezza":"50",
        "straniero":"ITA",
        "id_cp":0,
        "categoria":"Master 45",
        "nome":"FEDERICO",
        "id_turno":12,
        "id_atleta":632277,
        "id_tipo_gara":17,
        "batteria":3,
        "cittadinanza":"ITA",
        "descrizione":"20° Meeting Flaminio SC",
        "id_tipo_risultato":1,
        "stagione":2021,
        "sesso":"M",
        "gara":"200 Misti",
        "sigla_comitato":"FIN",
        "id_lunghezza_vasca":2,
        "livello":"false",
        "_version_":1751350171236564994},
      {
        "piazzamento":10,
        "ordine":1,
        "lunghezza_vasca":"25m",
        "atleta":"MASCI FEDERICO",
        "corsia":3,
        "cognome":"MASCI",
        "luogo":"Roma",
        "data_risultato":1668960180,
        "tempo_base":5832,
        "id_evento":141632,
        "id_categoria":"70",
        "id_societa":826,
        "turno":"Serie (Diretta)",
        "id_gara":1410785,
        "codice_fiscale":"MSCFRC75D11H501C",
        "descrizione_risultato":"Individuale",
        "sigla_categoria":"M45",
        "tempo_ufficiale":11160,
        "codice_gara":"21",
        "id_master_ris":"3128114-826",
        "data_nascita":"1975-04-11T00:00:00Z",
        "denominazione":"Flaminio Sporting Club",
        "id":"3128114",
        "id_tipo_cronometraggio":2,
        "descrizione_breve":"100 DO",
        "id_comitato":0,
        "tipo_cronometraggio":"Automatico",
        "lunghezza":"25",
        "straniero":"ITA",
        "id_cp":0,
        "categoria":"Master 45",
        "nome":"FEDERICO",
        "id_turno":12,
        "id_atleta":632277,
        "id_tipo_gara":8,
        "batteria":0,
        "cittadinanza":"ITA",
        "descrizione":"9° Trofeo Latina Aquateam",
        "id_tipo_risultato":1,
        "stagione":2022,
        "sesso":"M",
        "gara":"100 Dorso",
        "sigla_comitato":"FIN",
        "id_lunghezza_vasca":1,
        "livello":"false",
        "_version_":1751350173359931392},
      {
        "piazzamento":9,
        "ordine":1,
        "lunghezza_vasca":"25m",
        "atleta":"MASCI FEDERICO",
        "corsia":3,
        "cognome":"MASCI",
        "luogo":"Roma",
        "data_risultato":1668963000,
        "tempo_base":10425,
        "id_evento":141632,
        "id_categoria":"70",
        "id_societa":826,
        "turno":"Serie (Diretta)",
        "id_gara":1410787,
        "codice_fiscale":"MSCFRC75D11H501C",
        "descrizione_risultato":"Individuale",
        "sigla_categoria":"M45",
        "tempo_ufficiale":12344,
        "codice_gara":"31",
        "id_master_ris":"3128645-826",
        "data_nascita":"1975-04-11T00:00:00Z",
        "denominazione":"Flaminio Sporting Club",
        "id":"3128645",
        "id_tipo_cronometraggio":2,
        "descrizione_breve":"100 RA",
        "id_comitato":0,
        "tipo_cronometraggio":"Automatico",
        "lunghezza":"25",
        "straniero":"ITA",
        "id_cp":0,
        "categoria":"Master 45",
        "nome":"FEDERICO",
        "id_turno":12,
        "id_atleta":632277,
        "id_tipo_gara":11,
        "batteria":0,
        "cittadinanza":"ITA",
        "descrizione":"9° Trofeo Latina Aquateam",
        "id_tipo_risultato":1,
        "stagione":2022,
        "sesso":"M",
        "gara":"100 Rana",
        "sigla_comitato":"FIN",
        "id_lunghezza_vasca":1,
        "livello":"false",
        "_version_":1751350173374611458}]
  }}
