{
  "responseHeader":{
    "status":0,
    "QTime":0,
    "params":{
      "q":"*:*",
      "start":"80",
      "fq":["cognome: masci",
        "nome: federico"],
      "rows":"40"}},
  "response":{"numFound":238,"start":80,"docs":[
      {
        "piazzamento":0,
        "ordine":1,
        "lunghezza_vasca":"25m",
        "atleta":"MASCI FEDERICO",
        "corsia":0,
        "cognome":"MASCI",
        "luogo":"Roma",
        "data_risultato":1301094000,
        "tempo_base":20739,
        "id_evento":12817,
        "id_categoria":"66",
        "id_societa":561,
        "turno":"Serie",
        "id_gara":496064,
        "update_time":"2018-11-04T14:07:30Z",
        "codice_fiscale":"MSCFRC75D11H501C",
        "descrizione_risultato":"Individuale",
        "sigla_categoria":"M35",
        "tempo_ufficiale":23994,
        "codice_gara":"52",
        "id_master_ris":"763244-561",
        "data_nascita":"1975-04-11T00:00:00Z",
        "denominazione":"Effedue Group - Roma",
        "id":"763244",
        "id_tipo_cronometraggio":2,
        "descrizione_breve":"200 MI",
        "id_comitato":0,
        "tipo_cronometraggio":"Automatico",
        "lunghezza":"25",
        "straniero":"ITA",
        "id_cp":0,
        "categoria":"Master 35",
        "nome":"FEDERICO",
        "id_turno":1,
        "id_atleta":632277,
        "id_tipo_gara":17,
        "batteria":0,
        "cittadinanza":"ITA",
        "descrizione":"3° Trofeo Nantes Ostiensis",
        "id_tipo_risultato":1,
        "stagione":2010,
        "sesso":"M",
        "gara":"200 Misti",
        "sigla_comitato":"FIN",
        "id_lunghezza_vasca":1,
        "livello":"true",
        "_version_":1751349823868502018},
      {
        "piazzamento":0,
        "ordine":1,
        "lunghezza_vasca":"50m",
        "atleta":"MASCI FEDERICO",
        "corsia":0,
        "cognome":"MASCI",
        "luogo":"Livorno",
        "data_risultato":1355612400,
        "tempo_base":15632,
        "id_evento":12541,
        "id_categoria":"66",
        "id_societa":826,
        "turno":"Serie",
        "id_gara":354832,
        "update_time":"2018-11-04T14:01:12Z",
        "codice_fiscale":"MSCFRC75D11H501C",
        "descrizione_risultato":"Individuale",
        "sigla_categoria":"M35",
        "tempo_ufficiale":22731,
        "codice_gara":"02",
        "id_master_ris":"500351-826",
        "data_nascita":"1975-04-11T00:00:00Z",
        "denominazione":"Flaminio Sporting Club",
        "id":"500351",
        "id_tipo_cronometraggio":2,
        "descrizione_breve":"200 SL",
        "id_comitato":0,
        "tipo_cronometraggio":"Automatico",
        "lunghezza":"50",
        "straniero":"ITA",
        "id_cp":0,
        "categoria":"Master 35",
        "nome":"FEDERICO",
        "id_turno":1,
        "id_atleta":632277,
        "id_tipo_gara":3,
        "batteria":0,
        "cittadinanza":"ITA",
        "descrizione":"14° Meeting degli auguri",
        "id_tipo_risultato":1,
        "stagione":2012,
        "sesso":"M",
        "gara":"200 Stile Libero",
        "sigla_comitato":"FIN",
        "id_lunghezza_vasca":2,
        "livello":"true",
        "_version_":1751349748364738563},
      {
        "piazzamento":0,
        "ordine":1,
        "lunghezza_vasca":"50m",
        "atleta":"MASCI FEDERICO",
        "corsia":0,
        "cognome":"MASCI",
        "luogo":"Livorno",
        "data_risultato":1355612400,
        "tempo_base":22486,
        "id_evento":12541,
        "id_categoria":"66",
        "id_societa":826,
        "turno":"Serie",
        "id_gara":376536,
        "update_time":"2018-11-04T14:01:12Z",
        "codice_fiscale":"MSCFRC75D11H501C",
        "descrizione_risultato":"Individuale",
        "sigla_categoria":"M35",
        "tempo_ufficiale":30786,
        "codice_gara":"32",
        "id_master_ris":"500352-826",
        "data_nascita":"1975-04-11T00:00:00Z",
        "denominazione":"Flaminio Sporting Club",
        "id":"500352",
        "id_tipo_cronometraggio":2,
        "descrizione_breve":"200 RA",
        "id_comitato":0,
        "tipo_cronometraggio":"Automatico",
        "lunghezza":"50",
        "straniero":"ITA",
        "id_cp":0,
        "categoria":"Master 35",
        "nome":"FEDERICO",
        "id_turno":1,
        "id_atleta":632277,
        "id_tipo_gara":12,
        "batteria":0,
        "cittadinanza":"ITA",
        "descrizione":"14° Meeting degli auguri",
        "id_tipo_risultato":1,
        "stagione":2012,
        "sesso":"M",
        "gara":"200 Rana",
        "sigla_comitato":"FIN",
        "id_lunghezza_vasca":2,
        "livello":"true",
        "_version_":1751349749072527360},
      {
        "piazzamento":0,
        "ordine":1,
        "lunghezza_vasca":"25m",
        "atleta":"MASCI FEDERICO",
        "corsia":0,
        "cognome":"MASCI",
        "luogo":"Roma",
        "data_risultato":1326582000,
        "tempo_base":2881,
        "id_evento":12648,
        "id_categoria":"66",
        "id_societa":712,
        "turno":"Serie",
        "id_gara":430069,
        "update_time":"2018-11-04T14:02:24Z",
        "codice_fiscale":"MSCFRC75D11H501C",
        "descrizione_risultato":"Individuale",
        "sigla_categoria":"M35",
        "tempo_ufficiale":3764,
        "codice_gara":"30",
        "id_master_ris":"599493-712",
        "data_nascita":"1975-04-11T00:00:00Z",
        "denominazione":"Rari Nantes Bel Poggio ss",
        "id":"599493",
        "id_tipo_cronometraggio":2,
        "descrizione_breve":"50 RA",
        "id_comitato":0,
        "tipo_cronometraggio":"Automatico",
        "lunghezza":"25",
        "straniero":"ITA",
        "id_cp":0,
        "categoria":"Master 35",
        "nome":"FEDERICO",
        "id_turno":1,
        "id_atleta":632277,
        "id_tipo_gara":10,
        "batteria":0,
        "cittadinanza":"ITA",
        "descrizione":"15° Trofeo Forum Sprint",
        "id_tipo_risultato":1,
        "stagione":2011,
        "sesso":"M",
        "gara":"50 Rana",
        "sigla_comitato":"FIN",
        "id_lunghezza_vasca":1,
        "livello":"true",
        "_version_":1751349750990372865},
      {
        "piazzamento":0,
        "ordine":1,
        "lunghezza_vasca":"25m",
        "atleta":"MASCI FEDERICO",
        "corsia":0,
        "cognome":"MASCI",
        "luogo":"Roma",
        "data_risultato":1326582000,
        "tempo_base":2499,
        "id_evento":12648,
        "id_categoria":"66",
        "id_societa":712,
        "turno":"Serie",
        "id_gara":433787,
        "update_time":"2018-11-04T14:02:24Z",
        "codice_fiscale":"MSCFRC75D11H501C",
        "descrizione_risultato":"Individuale",
        "sigla_categoria":"M35",
        "tempo_ufficiale":3196,
        "codice_gara":"40",
        "id_master_ris":"599492-712",
        "data_nascita":"1975-04-11T00:00:00Z",
        "denominazione":"Rari Nantes Bel Poggio ss",
        "id":"599492",
        "id_tipo_cronometraggio":2,
        "descrizione_breve":"50 FA",
        "id_comitato":0,
        "tipo_cronometraggio":"Automatico",
        "lunghezza":"25",
        "straniero":"ITA",
        "id_cp":0,
        "categoria":"Master 35",
        "nome":"FEDERICO",
        "id_turno":1,
        "id_atleta":632277,
        "id_tipo_gara":13,
        "batteria":0,
        "cittadinanza":"ITA",
        "descrizione":"15° Trofeo Forum Sprint",
        "id_tipo_risultato":1,
        "stagione":2011,
        "sesso":"M",
        "gara":"50 Farfalla",
        "sigla_comitato":"FIN",
        "id_lunghezza_vasca":1,
        "livello":"true",
        "_version_":1751349751351083009},
      {
        "piazzamento":0,
        "ordine":1,
        "lunghezza_vasca":"25m",
        "atleta":"MASCI FEDERICO",
        "corsia":0,
        "cognome":"MASCI",
        "luogo":"Pomezia",
        "data_risultato":1367704800,
        "tempo_base":40355,
        "id_evento":12612,
        "id_categoria":"66",
        "id_societa":826,
        "turno":"Serie",
        "id_gara":355917,
        "update_time":"2018-11-04T14:02:24Z",
        "codice_fiscale":"MSCFRC75D11H501C",
        "descrizione_risultato":"Individuale",
        "sigla_categoria":"M35",
        "tempo_ufficiale":45979,
        "codice_gara":"04",
        "id_master_ris":"564566-826",
        "data_nascita":"1975-04-11T00:00:00Z",
        "denominazione":"Flaminio Sporting Club",
        "id":"564566",
        "id_tipo_cronometraggio":2,
        "descrizione_breve":"400 SL",
        "id_comitato":0,
        "tipo_cronometraggio":"Automatico",
        "lunghezza":"25",
        "straniero":"ITA",
        "id_cp":0,
        "categoria":"Master 35",
        "nome":"FEDERICO",
        "id_turno":1,
        "id_atleta":632277,
        "id_tipo_gara":4,
        "batteria":0,
        "cittadinanza":"ITA",
        "descrizione":"2° Trofeo Latina Aquateam",
        "id_tipo_risultato":1,
        "stagione":2012,
        "sesso":"M",
        "gara":"400 Stile Libero",
        "sigla_comitato":"FIN",
        "id_lunghezza_vasca":1,
        "livello":"true",
        "_version_":1751349756426190848},
      {
        "piazzamento":0,
        "ordine":1,
        "lunghezza_vasca":"25m",
        "atleta":"MASCI FEDERICO",
        "corsia":0,
        "cognome":"MASCI",
        "luogo":"Roma",
        "data_risultato":1367013600,
        "tempo_base":21953,
        "id_evento":12605,
        "id_categoria":"66",
        "id_societa":826,
        "turno":"Serie",
        "id_gara":376616,
        "update_time":"2018-11-04T14:02:24Z",
        "codice_fiscale":"MSCFRC75D11H501C",
        "descrizione_risultato":"Individuale",
        "sigla_categoria":"M35",
        "tempo_ufficiale":25411,
        "codice_gara":"32",
        "id_master_ris":"558145-826",
        "data_nascita":"1975-04-11T00:00:00Z",
        "denominazione":"Flaminio Sporting Club",
        "id":"558145",
        "id_tipo_cronometraggio":2,
        "descrizione_breve":"200 RA",
        "id_comitato":0,
        "tipo_cronometraggio":"Automatico",
        "lunghezza":"25",
        "straniero":"ITA",
        "id_cp":0,
        "categoria":"Master 35",
        "nome":"FEDERICO",
        "id_turno":1,
        "id_atleta":632277,
        "id_tipo_gara":12,
        "batteria":0,
        "cittadinanza":"ITA",
        "descrizione":"1° Trofeo AQUANIENE",
        "id_tipo_risultato":1,
        "stagione":2012,
        "sesso":"M",
        "gara":"200 Rana",
        "sigla_comitato":"FIN",
        "id_lunghezza_vasca":1,
        "livello":"true",
        "_version_":1751349757615276034},
      {
        "piazzamento":0,
        "ordine":1,
        "lunghezza_vasca":"25m",
        "atleta":"MASCI FEDERICO",
        "corsia":0,
        "cognome":"MASCI",
        "luogo":"Pomezia",
        "data_risultato":1367704800,
        "tempo_base":5791,
        "id_evento":12612,
        "id_categoria":"66",
        "id_societa":826,
        "turno":"Serie",
        "id_gara":387393,
        "update_time":"2018-11-04T14:02:24Z",
        "codice_fiscale":"MSCFRC75D11H501C",
        "descrizione_risultato":"Individuale",
        "sigla_categoria":"M35",
        "tempo_ufficiale":10982,
        "codice_gara":"51",
        "id_master_ris":"564045-826",
        "data_nascita":"1975-04-11T00:00:00Z",
        "denominazione":"Flaminio Sporting Club",
        "id":"564045",
        "id_tipo_cronometraggio":2,
        "descrizione_breve":"100 MI",
        "id_comitato":0,
        "tipo_cronometraggio":"Automatico",
        "lunghezza":"25",
        "straniero":"ITA",
        "id_cp":0,
        "categoria":"Master 35",
        "nome":"FEDERICO",
        "id_turno":1,
        "id_atleta":632277,
        "id_tipo_gara":16,
        "batteria":0,
        "cittadinanza":"ITA",
        "descrizione":"2° Trofeo Latina Aquateam",
        "id_tipo_risultato":1,
        "stagione":2012,
        "sesso":"M",
        "gara":"100 Misti",
        "sigla_comitato":"FIN",
        "id_lunghezza_vasca":1,
        "livello":"true",
        "_version_":1751349758286364675},
      {
        "piazzamento":0,
        "ordine":1,
        "lunghezza_vasca":"25m",
        "atleta":"MASCI FEDERICO",
        "corsia":0,
        "cognome":"MASCI",
        "luogo":"Roma",
        "data_risultato":1367013600,
        "tempo_base":43673,
        "id_evento":12605,
        "id_categoria":"66",
        "id_societa":826,
        "turno":"Serie",
        "id_gara":391060,
        "update_time":"2018-11-04T14:02:24Z",
        "codice_fiscale":"MSCFRC75D11H501C",
        "descrizione_risultato":"Individuale",
        "sigla_categoria":"M35",
        "tempo_ufficiale":52561,
        "codice_gara":"54",
        "id_master_ris":"558146-826",
        "data_nascita":"1975-04-11T00:00:00Z",
        "denominazione":"Flaminio Sporting Club",
        "id":"558146",
        "id_tipo_cronometraggio":2,
        "descrizione_breve":"400 MI",
        "id_comitato":0,
        "tipo_cronometraggio":"Automatico",
        "lunghezza":"25",
        "straniero":"ITA",
        "id_cp":0,
        "categoria":"Master 35",
        "nome":"FEDERICO",
        "id_turno":1,
        "id_atleta":632277,
        "id_tipo_gara":18,
        "batteria":0,
        "cittadinanza":"ITA",
        "descrizione":"1° Trofeo AQUANIENE",
        "id_tipo_risultato":1,
        "stagione":2012,
        "sesso":"M",
        "gara":"400 Misti",
        "sigla_comitato":"FIN",
        "id_lunghezza_vasca":1,
        "livello":"true",
        "_version_":1751349758566334464},
      {
        "piazzamento":0,
        "ordine":1,
        "lunghezza_vasca":"50m",
        "atleta":"MASCI FEDERICO",
        "corsia":6,
        "cognome":"MASCI",
        "luogo":"BARI",
        "data_risultato":1341784800,
        "tempo_base":22630,
        "id_evento":12729,
        "id_categoria":"66",
        "id_societa":712,
        "turno":"Serie",
        "id_gara":432612,
        "update_time":"2018-11-04T14:04:55Z",
        "codice_fiscale":"MSCFRC75D11H501C",
        "descrizione_risultato":"Individuale",
        "sigla_categoria":"M35",
        "tempo_ufficiale":25964,
        "codice_gara":"32",
        "id_master_ris":"676068-712",
        "data_nascita":"1975-04-11T00:00:00Z",
        "denominazione":"Rari Nantes Bel Poggio ss",
        "id":"676068",
        "id_tipo_cronometraggio":2,
        "descrizione_breve":"200 RA",
        "id_comitato":0,
        "tipo_cronometraggio":"Automatico",
        "lunghezza":"50",
        "straniero":"ITA",
        "id_cp":0,
        "categoria":"Master 35",
        "nome":"FEDERICO",
        "id_turno":1,
        "id_atleta":632277,
        "id_tipo_gara":12,
        "batteria":23,
        "cittadinanza":"ITA",
        "descrizione":"CAMPIONATI ITALIANI DI NUOTO MASTERS 2012",
        "id_tipo_risultato":1,
        "stagione":2011,
        "sesso":"M",
        "gara":"200 Rana",
        "sigla_comitato":"FIN",
        "id_lunghezza_vasca":2,
        "livello":"true",
        "_version_":1751349796972527618},
      {
        "piazzamento":0,
        "ordine":1,
        "lunghezza_vasca":"50m",
        "atleta":"MASCI FEDERICO",
        "corsia":1,
        "cognome":"MASCI",
        "luogo":"BARI",
        "data_risultato":1341784800,
        "tempo_base":21353,
        "id_evento":12729,
        "id_categoria":"66",
        "id_societa":712,
        "turno":"Serie",
        "id_gara":439668,
        "update_time":"2018-11-04T14:04:55Z",
        "codice_fiscale":"MSCFRC75D11H501C",
        "descrizione_risultato":"Individuale",
        "sigla_categoria":"M35",
        "tempo_ufficiale":23614,
        "codice_gara":"52",
        "id_master_ris":"676069-712",
        "data_nascita":"1975-04-11T00:00:00Z",
        "denominazione":"Rari Nantes Bel Poggio ss",
        "id":"676069",
        "id_tipo_cronometraggio":2,
        "descrizione_breve":"200 MI",
        "id_comitato":0,
        "tipo_cronometraggio":"Automatico",
        "lunghezza":"50",
        "straniero":"ITA",
        "id_cp":0,
        "categoria":"Master 35",
        "nome":"FEDERICO",
        "id_turno":1,
        "id_atleta":632277,
        "id_tipo_gara":17,
        "batteria":20,
        "cittadinanza":"ITA",
        "descrizione":"CAMPIONATI ITALIANI DI NUOTO MASTERS 2012",
        "id_tipo_risultato":1,
        "stagione":2011,
        "sesso":"M",
        "gara":"200 Misti",
        "sigla_comitato":"FIN",
        "id_lunghezza_vasca":2,
        "livello":"true",
        "_version_":1751349797765251073},
      {
        "piazzamento":0,
        "ordine":1,
        "lunghezza_vasca":"50m",
        "atleta":"MASCI FEDERICO",
        "corsia":0,
        "cognome":"MASCI",
        "luogo":"Roma",
        "data_risultato":1337378400,
        "tempo_base":44693,
        "id_evento":12716,
        "id_categoria":"66",
        "id_societa":712,
        "turno":"Serie",
        "id_gara":441546,
        "update_time":"2018-11-04T14:04:55Z",
        "codice_fiscale":"MSCFRC75D11H501C",
        "descrizione_risultato":"Individuale",
        "sigla_categoria":"M35",
        "tempo_ufficiale":55823,
        "codice_gara":"54",
        "id_master_ris":"662723-712",
        "data_nascita":"1975-04-11T00:00:00Z",
        "denominazione":"Rari Nantes Bel Poggio ss",
        "id":"662723",
        "id_tipo_cronometraggio":2,
        "descrizione_breve":"400 MI",
        "id_comitato":0,
        "tipo_cronometraggio":"Automatico",
        "lunghezza":"50",
        "straniero":"ITA",
        "id_cp":0,
        "categoria":"Master 35",
        "nome":"FEDERICO",
        "id_turno":1,
        "id_atleta":632277,
        "id_tipo_gara":18,
        "batteria":0,
        "cittadinanza":"ITA",
        "descrizione":"Meeting Flaminio SC",
        "id_tipo_risultato":1,
        "stagione":2011,
        "sesso":"M",
        "gara":"400 Misti",
        "sigla_comitato":"FIN",
        "id_lunghezza_vasca":2,
        "livello":"true",
        "_version_":1751349797898420224},
      {
        "piazzamento":0,
        "ordine":1,
        "lunghezza_vasca":"50m",
        "atleta":"MASCI FEDERICO",
        "corsia":8,
        "cognome":"MASCI",
        "luogo":"BARI",
        "data_risultato":1341784800,
        "tempo_base":44693,
        "id_evento":12729,
        "id_categoria":"66",
        "id_societa":712,
        "turno":"Serie",
        "id_gara":441556,
        "update_time":"2018-11-04T14:04:55Z",
        "codice_fiscale":"MSCFRC75D11H501C",
        "descrizione_risultato":"Individuale",
        "sigla_categoria":"M35",
        "tempo_ufficiale":54025,
        "codice_gara":"54",
        "id_master_ris":"676067-712",
        "data_nascita":"1975-04-11T00:00:00Z",
        "denominazione":"Rari Nantes Bel Poggio ss",
        "id":"676067",
        "id_tipo_cronometraggio":2,
        "descrizione_breve":"400 MI",
        "id_comitato":0,
        "tipo_cronometraggio":"Automatico",
        "lunghezza":"50",
        "straniero":"ITA",
        "id_cp":0,
        "categoria":"Master 35",
        "nome":"FEDERICO",
        "id_turno":1,
        "id_atleta":632277,
        "id_tipo_gara":18,
        "batteria":13,
        "cittadinanza":"ITA",
        "descrizione":"CAMPIONATI ITALIANI DI NUOTO MASTERS 2012",
        "id_tipo_risultato":1,
        "stagione":2011,
        "sesso":"M",
        "gara":"400 Misti",
        "sigla_comitato":"FIN",
        "id_lunghezza_vasca":2,
        "livello":"true",
        "_version_":1751349797899468800},
      {
        "piazzamento":0,
        "ordine":1,
        "lunghezza_vasca":"25m",
        "atleta":"MASCI FEDERICO",
        "corsia":0,
        "cognome":"MASCI",
        "luogo":"Civitavecchia",
        "data_risultato":1298070000,
        "tempo_base":20629,
        "id_evento":12791,
        "id_categoria":"66",
        "id_societa":561,
        "turno":"Serie",
        "id_gara":474783,
        "update_time":"2018-11-04T14:06:11Z",
        "codice_fiscale":"MSCFRC75D11H501C",
        "descrizione_risultato":"Individuale",
        "sigla_categoria":"M35",
        "tempo_ufficiale":23994,
        "codice_gara":"22",
        "id_master_ris":"737755-561",
        "data_nascita":"1975-04-11T00:00:00Z",
        "denominazione":"Effedue Group - Roma",
        "id":"737755",
        "id_tipo_cronometraggio":2,
        "descrizione_breve":"200 DO",
        "id_comitato":0,
        "tipo_cronometraggio":"Automatico",
        "lunghezza":"25",
        "straniero":"ITA",
        "id_cp":0,
        "categoria":"Master 35",
        "nome":"FEDERICO",
        "id_turno":1,
        "id_atleta":632277,
        "id_tipo_gara":9,
        "batteria":0,
        "cittadinanza":"ITA",
        "descrizione":"Regionali Lazio",
        "id_tipo_risultato":1,
        "stagione":2010,
        "sesso":"M",
        "gara":"200 Dorso",
        "sigla_comitato":"FIN",
        "id_lunghezza_vasca":1,
        "livello":"true",
        "_version_":1751349806035369985},
      {
        "piazzamento":0,
        "ordine":1,
        "lunghezza_vasca":"25m",
        "atleta":"MASCI FEDERICO",
        "corsia":0,
        "cognome":"MASCI",
        "luogo":"Roma",
        "data_risultato":1295132400,
        "tempo_base":2881,
        "id_evento":12782,
        "id_categoria":"66",
        "id_societa":561,
        "turno":"Serie",
        "id_gara":479028,
        "update_time":"2018-11-04T14:06:11Z",
        "codice_fiscale":"MSCFRC75D11H501C",
        "descrizione_risultato":"Individuale",
        "sigla_categoria":"M35",
        "tempo_ufficiale":3902,
        "codice_gara":"30",
        "id_master_ris":"727764-561",
        "data_nascita":"1975-04-11T00:00:00Z",
        "denominazione":"Effedue Group - Roma",
        "id":"727764",
        "id_tipo_cronometraggio":2,
        "descrizione_breve":"50 RA",
        "id_comitato":0,
        "tipo_cronometraggio":"Automatico",
        "lunghezza":"25",
        "straniero":"ITA",
        "id_cp":0,
        "categoria":"Master 35",
        "nome":"FEDERICO",
        "id_turno":1,
        "id_atleta":632277,
        "id_tipo_gara":10,
        "batteria":0,
        "cittadinanza":"ITA",
        "descrizione":"12° Trofeo Forum Sprint",
        "id_tipo_risultato":1,
        "stagione":2010,
        "sesso":"M",
        "gara":"50 Rana",
        "sigla_comitato":"FIN",
        "id_lunghezza_vasca":1,
        "livello":"true",
        "_version_":1751349806485209088},
      {
        "piazzamento":0,
        "ordine":1,
        "lunghezza_vasca":"25m",
        "atleta":"MASCI FEDERICO",
        "corsia":0,
        "cognome":"MASCI",
        "luogo":"Roma",
        "data_risultato":1295132400,
        "tempo_base":5802,
        "id_evento":12782,
        "id_categoria":"66",
        "id_societa":561,
        "turno":"Serie",
        "id_gara":494301,
        "update_time":"2018-11-04T14:06:11Z",
        "codice_fiscale":"MSCFRC75D11H501C",
        "descrizione_risultato":"Individuale",
        "sigla_categoria":"M35",
        "tempo_ufficiale":11287,
        "codice_gara":"51",
        "id_master_ris":"726729-561",
        "data_nascita":"1975-04-11T00:00:00Z",
        "denominazione":"Effedue Group - Roma",
        "id":"726729",
        "id_tipo_cronometraggio":2,
        "descrizione_breve":"100 MI",
        "id_comitato":0,
        "tipo_cronometraggio":"Automatico",
        "lunghezza":"25",
        "straniero":"ITA",
        "id_cp":0,
        "categoria":"Master 35",
        "nome":"FEDERICO",
        "id_turno":1,
        "id_atleta":632277,
        "id_tipo_gara":16,
        "batteria":0,
        "cittadinanza":"ITA",
        "descrizione":"12° Trofeo Forum Sprint",
        "id_tipo_risultato":1,
        "stagione":2010,
        "sesso":"M",
        "gara":"100 Misti",
        "sigla_comitato":"FIN",
        "id_lunghezza_vasca":1,
        "livello":"true",
        "_version_":1751349809208360962},
      {
        "piazzamento":0,
        "ordine":1,
        "lunghezza_vasca":"25m",
        "atleta":"MASCI FEDERICO",
        "corsia":0,
        "cognome":"MASCI",
        "luogo":"Viterbo",
        "data_risultato":1296255600,
        "tempo_base":5802,
        "id_evento":12787,
        "id_categoria":"66",
        "id_societa":561,
        "turno":"Serie",
        "id_gara":494303,
        "update_time":"2018-11-04T14:06:11Z",
        "codice_fiscale":"MSCFRC75D11H501C",
        "descrizione_risultato":"Individuale",
        "sigla_categoria":"M35",
        "tempo_ufficiale":11173,
        "codice_gara":"51",
        "id_master_ris":"732995-561",
        "data_nascita":"1975-04-11T00:00:00Z",
        "denominazione":"Effedue Group - Roma",
        "id":"732995",
        "id_tipo_cronometraggio":2,
        "descrizione_breve":"100 MI",
        "id_comitato":0,
        "tipo_cronometraggio":"Automatico",
        "lunghezza":"25",
        "straniero":"ITA",
        "id_cp":0,
        "categoria":"Master 35",
        "nome":"FEDERICO",
        "id_turno":1,
        "id_atleta":632277,
        "id_tipo_gara":16,
        "batteria":0,
        "cittadinanza":"ITA",
        "descrizione":"9° Trofeo Larus Master",
        "id_tipo_risultato":1,
        "stagione":2010,
        "sesso":"M",
        "gara":"100 Misti",
        "sigla_comitato":"FIN",
        "id_lunghezza_vasca":1,
        "livello":"true",
        "_version_":1751349809209409536},
      {
        "piazzamento":0,
        "ordine":1,
        "lunghezza_vasca":"25m",
        "atleta":"MASCI FEDERICO",
        "corsia":0,
        "cognome":"MASCI",
        "luogo":"Viterbo",
        "data_risultato":1296255600,
        "tempo_base":20739,
        "id_evento":12787,
        "id_categoria":"66",
        "id_societa":561,
        "turno":"Serie",
        "id_gara":496016,
        "update_time":"2018-11-04T14:06:11Z",
        "codice_fiscale":"MSCFRC75D11H501C",
        "descrizione_risultato":"Individuale",
        "sigla_categoria":"M35",
        "tempo_ufficiale":23974,
        "codice_gara":"52",
        "id_master_ris":"733547-561",
        "data_nascita":"1975-04-11T00:00:00Z",
        "denominazione":"Effedue Group - Roma",
        "id":"733547",
        "id_tipo_cronometraggio":2,
        "descrizione_breve":"200 MI",
        "id_comitato":0,
        "tipo_cronometraggio":"Automatico",
        "lunghezza":"25",
        "straniero":"ITA",
        "id_cp":0,
        "categoria":"Master 35",
        "nome":"FEDERICO",
        "id_turno":1,
        "id_atleta":632277,
        "id_tipo_gara":17,
        "batteria":0,
        "cittadinanza":"ITA",
        "descrizione":"9° Trofeo Larus Master",
        "id_tipo_risultato":1,
        "stagione":2010,
        "sesso":"M",
        "gara":"200 Misti",
        "sigla_comitato":"FIN",
        "id_lunghezza_vasca":1,
        "livello":"true",
        "_version_":1751349809772494850},
      {
        "piazzamento":0,
        "ordine":1,
        "lunghezza_vasca":"25m",
        "atleta":"MASCI FEDERICO",
        "corsia":0,
        "cognome":"MASCI",
        "luogo":"Civitavecchia",
        "data_risultato":1298070000,
        "tempo_base":43706,
        "id_evento":12791,
        "id_categoria":"66",
        "id_societa":561,
        "turno":"Serie",
        "id_gara":497130,
        "update_time":"2018-11-04T14:06:11Z",
        "codice_fiscale":"MSCFRC75D11H501C",
        "descrizione_risultato":"Individuale",
        "sigla_categoria":"M35",
        "tempo_ufficiale":60266,
        "codice_gara":"54",
        "id_master_ris":"737757-561",
        "data_nascita":"1975-04-11T00:00:00Z",
        "denominazione":"Effedue Group - Roma",
        "id":"737757",
        "id_tipo_cronometraggio":2,
        "descrizione_breve":"400 MI",
        "id_comitato":0,
        "tipo_cronometraggio":"Automatico",
        "lunghezza":"25",
        "straniero":"ITA",
        "id_cp":0,
        "categoria":"Master 35",
        "nome":"FEDERICO",
        "id_turno":1,
        "id_atleta":632277,
        "id_tipo_gara":18,
        "batteria":0,
        "cittadinanza":"ITA",
        "descrizione":"Regionali Lazio",
        "id_tipo_risultato":1,
        "stagione":2010,
        "sesso":"M",
        "gara":"400 Misti",
        "sigla_comitato":"FIN",
        "id_lunghezza_vasca":1,
        "livello":"true",
        "_version_":1751349809930829827},
      {
        "piazzamento":0,
        "ordine":1,
        "lunghezza_vasca":"25m",
        "atleta":"MASCI FEDERICO",
        "corsia":0,
        "cognome":"MASCI",
        "luogo":"L`Aquila",
        "data_risultato":1362265200,
        "tempo_base":15347,
        "id_evento":12575,
        "id_categoria":"66",
        "id_societa":826,
        "turno":"Serie",
        "id_gara":354858,
        "update_time":"2018-11-04T14:01:12Z",
        "codice_fiscale":"MSCFRC75D11H501C",
        "descrizione_risultato":"Individuale",
        "sigla_categoria":"M35",
        "tempo_ufficiale":21882,
        "codice_gara":"02",
        "id_master_ris":"536283-826",
        "data_nascita":"1975-04-11T00:00:00Z",
        "denominazione":"Flaminio Sporting Club",
        "id":"536283",
        "id_tipo_cronometraggio":2,
        "descrizione_breve":"200 SL",
        "id_comitato":0,
        "tipo_cronometraggio":"Automatico",
        "lunghezza":"25",
        "straniero":"ITA",
        "id_cp":0,
        "categoria":"Master 35",
        "nome":"FEDERICO",
        "id_turno":1,
        "id_atleta":632277,
        "id_tipo_gara":3,
        "batteria":0,
        "cittadinanza":"ITA",
        "descrizione":"12° Coppa Immota Manet",
        "id_tipo_risultato":1,
        "stagione":2012,
        "sesso":"M",
        "gara":"200 Stile Libero",
        "sigla_comitato":"FIN",
        "id_lunghezza_vasca":1,
        "livello":"true",
        "_version_":1751349740416532480},
      {
        "piazzamento":0,
        "ordine":1,
        "lunghezza_vasca":"25m",
        "atleta":"MASCI FEDERICO",
        "corsia":0,
        "cognome":"MASCI",
        "luogo":"Roma",
        "data_risultato":1358636400,
        "tempo_base":2654,
        "id_evento":12552,
        "id_categoria":"66",
        "id_societa":826,
        "turno":"Serie",
        "id_gara":358239,
        "update_time":"2018-11-04T14:01:12Z",
        "codice_fiscale":"MSCFRC75D11H501C",
        "descrizione_risultato":"Individuale",
        "sigla_categoria":"M35",
        "tempo_ufficiale":3315,
        "codice_gara":"20",
        "id_master_ris":"510250-826",
        "data_nascita":"1975-04-11T00:00:00Z",
        "denominazione":"Flaminio Sporting Club",
        "id":"510250",
        "id_tipo_cronometraggio":2,
        "descrizione_breve":"50 DO",
        "id_comitato":0,
        "tipo_cronometraggio":"Automatico",
        "lunghezza":"25",
        "straniero":"ITA",
        "id_cp":0,
        "categoria":"Master 35",
        "nome":"FEDERICO",
        "id_turno":1,
        "id_atleta":632277,
        "id_tipo_gara":7,
        "batteria":0,
        "cittadinanza":"ITA",
        "descrizione":"16° Trofeo Forum Sprint",
        "id_tipo_risultato":1,
        "stagione":2012,
        "sesso":"M",
        "gara":"50 Dorso",
        "sigla_comitato":"FIN",
        "id_lunghezza_vasca":1,
        "livello":"true",
        "_version_":1751349741727252482},
      {
        "piazzamento":0,
        "ordine":1,
        "lunghezza_vasca":"25m",
        "atleta":"MASCI FEDERICO",
        "corsia":0,
        "cognome":"MASCI",
        "luogo":"Roma",
        "data_risultato":1363993200,
        "tempo_base":20628,
        "id_evento":12587,
        "id_categoria":"66",
        "id_societa":826,
        "turno":"Serie",
        "id_gara":362795,
        "update_time":"2018-11-04T14:01:12Z",
        "codice_fiscale":"MSCFRC75D11H501C",
        "descrizione_risultato":"Individuale",
        "sigla_categoria":"M35",
        "tempo_ufficiale":23064,
        "codice_gara":"22",
        "id_master_ris":"544010-826",
        "data_nascita":"1975-04-11T00:00:00Z",
        "denominazione":"Flaminio Sporting Club",
        "id":"544010",
        "id_tipo_cronometraggio":2,
        "descrizione_breve":"200 DO",
        "id_comitato":0,
        "tipo_cronometraggio":"Automatico",
        "lunghezza":"25",
        "straniero":"ITA",
        "id_cp":0,
        "categoria":"Master 35",
        "nome":"FEDERICO",
        "id_turno":1,
        "id_atleta":632277,
        "id_tipo_gara":9,
        "batteria":0,
        "cittadinanza":"ITA",
        "descrizione":"6° Trofeo Nantes Ostiensis",
        "id_tipo_risultato":1,
        "stagione":2012,
        "sesso":"M",
        "gara":"200 Dorso",
        "sigla_comitato":"FIN",
        "id_lunghezza_vasca":1,
        "livello":"true",
        "_version_":1751349742460207105},
      {
        "piazzamento":0,
        "ordine":1,
        "lunghezza_vasca":"25m",
        "atleta":"MASCI FEDERICO",
        "corsia":0,
        "cognome":"MASCI",
        "luogo":"Viterbo",
        "data_risultato":1359154800,
        "tempo_base":2461,
        "id_evento":12556,
        "id_categoria":"66",
        "id_societa":826,
        "turno":"Serie",
        "id_gara":380584,
        "update_time":"2018-11-04T14:01:12Z",
        "codice_fiscale":"MSCFRC75D11H501C",
        "descrizione_risultato":"Individuale",
        "sigla_categoria":"M35",
        "tempo_ufficiale":3181,
        "codice_gara":"40",
        "id_master_ris":"515422-826",
        "data_nascita":"1975-04-11T00:00:00Z",
        "denominazione":"Flaminio Sporting Club",
        "id":"515422",
        "id_tipo_cronometraggio":2,
        "descrizione_breve":"50 FA",
        "id_comitato":0,
        "tipo_cronometraggio":"Automatico",
        "lunghezza":"25",
        "straniero":"ITA",
        "id_cp":0,
        "categoria":"Master 35",
        "nome":"FEDERICO",
        "id_turno":1,
        "id_atleta":632277,
        "id_tipo_gara":13,
        "batteria":0,
        "cittadinanza":"ITA",
        "descrizione":"11° Trofeo Larus Master",
        "id_tipo_risultato":1,
        "stagione":2012,
        "sesso":"M",
        "gara":"50 Farfalla",
        "sigla_comitato":"FIN",
        "id_lunghezza_vasca":1,
        "livello":"true",
        "_version_":1751349744984129536},
      {
        "piazzamento":0,
        "ordine":1,
        "lunghezza_vasca":"25m",
        "atleta":"MASCI FEDERICO",
        "corsia":0,
        "cognome":"MASCI",
        "luogo":"Viterbo",
        "data_risultato":1359154800,
        "tempo_base":20608,
        "id_evento":12556,
        "id_categoria":"66",
        "id_societa":826,
        "turno":"Serie",
        "id_gara":385737,
        "update_time":"2018-11-04T14:01:12Z",
        "codice_fiscale":"MSCFRC75D11H501C",
        "descrizione_risultato":"Individuale",
        "sigla_categoria":"M35",
        "tempo_ufficiale":24637,
        "codice_gara":"42",
        "id_master_ris":"515423-826",
        "data_nascita":"1975-04-11T00:00:00Z",
        "denominazione":"Flaminio Sporting Club",
        "id":"515423",
        "id_tipo_cronometraggio":2,
        "descrizione_breve":"200 FA",
        "id_comitato":0,
        "tipo_cronometraggio":"Automatico",
        "lunghezza":"25",
        "straniero":"ITA",
        "id_cp":0,
        "categoria":"Master 35",
        "nome":"FEDERICO",
        "id_turno":1,
        "id_atleta":632277,
        "id_tipo_gara":15,
        "batteria":0,
        "cittadinanza":"ITA",
        "descrizione":"11° Trofeo Larus Master",
        "id_tipo_risultato":1,
        "stagione":2012,
        "sesso":"M",
        "gara":"200 Farfalla",
        "sigla_comitato":"FIN",
        "id_lunghezza_vasca":1,
        "livello":"true",
        "_version_":1751349745788387328},
      {
        "piazzamento":0,
        "ordine":1,
        "lunghezza_vasca":"25m",
        "atleta":"MASCI FEDERICO",
        "corsia":0,
        "cognome":"MASCI",
        "luogo":"Roma",
        "data_risultato":1358636400,
        "tempo_base":5791,
        "id_evento":12552,
        "id_categoria":"66",
        "id_societa":826,
        "turno":"Serie",
        "id_gara":387322,
        "update_time":"2018-11-04T14:01:12Z",
        "codice_fiscale":"MSCFRC75D11H501C",
        "descrizione_risultato":"Individuale",
        "sigla_categoria":"M35",
        "tempo_ufficiale":11156,
        "codice_gara":"51",
        "id_master_ris":"510252-826",
        "data_nascita":"1975-04-11T00:00:00Z",
        "denominazione":"Flaminio Sporting Club",
        "id":"510252",
        "id_tipo_cronometraggio":2,
        "descrizione_breve":"100 MI",
        "id_comitato":0,
        "tipo_cronometraggio":"Automatico",
        "lunghezza":"25",
        "straniero":"ITA",
        "id_cp":0,
        "categoria":"Master 35",
        "nome":"FEDERICO",
        "id_turno":1,
        "id_atleta":632277,
        "id_tipo_gara":16,
        "batteria":0,
        "cittadinanza":"ITA",
        "descrizione":"16° Trofeo Forum Sprint",
        "id_tipo_risultato":1,
        "stagione":2012,
        "sesso":"M",
        "gara":"100 Misti",
        "sigla_comitato":"FIN",
        "id_lunghezza_vasca":1,
        "livello":"true",
        "_version_":1751349746162728961},
      {
        "piazzamento":0,
        "ordine":1,
        "lunghezza_vasca":"25m",
        "atleta":"MASCI FEDERICO",
        "corsia":0,
        "cognome":"MASCI",
        "luogo":"Ostia",
        "data_risultato":1359846000,
        "tempo_base":20709,
        "id_evento":12559,
        "id_categoria":"66",
        "id_societa":826,
        "turno":"Serie",
        "id_gara":389483,
        "update_time":"2018-11-04T14:01:12Z",
        "codice_fiscale":"MSCFRC75D11H501C",
        "descrizione_risultato":"Individuale",
        "sigla_categoria":"M35",
        "tempo_ufficiale":23102,
        "codice_gara":"52",
        "id_master_ris":"519980-826",
        "data_nascita":"1975-04-11T00:00:00Z",
        "denominazione":"Flaminio Sporting Club",
        "id":"519980",
        "id_tipo_cronometraggio":2,
        "descrizione_breve":"200 MI",
        "id_comitato":0,
        "tipo_cronometraggio":"Automatico",
        "lunghezza":"25",
        "straniero":"ITA",
        "id_cp":0,
        "categoria":"Master 35",
        "nome":"FEDERICO",
        "id_turno":1,
        "id_atleta":632277,
        "id_tipo_gara":17,
        "batteria":0,
        "cittadinanza":"ITA",
        "descrizione":"Regionali Lazio",
        "id_tipo_risultato":1,
        "stagione":2012,
        "sesso":"M",
        "gara":"200 Misti",
        "sigla_comitato":"FIN",
        "id_lunghezza_vasca":1,
        "livello":"true",
        "_version_":1751349746767757314},
      {
        "piazzamento":0,
        "ordine":1,
        "lunghezza_vasca":"25m",
        "atleta":"MASCI FEDERICO",
        "corsia":0,
        "cognome":"MASCI",
        "luogo":"Roma",
        "data_risultato":1363993200,
        "tempo_base":20709,
        "id_evento":12587,
        "id_categoria":"66",
        "id_societa":826,
        "turno":"Serie",
        "id_gara":389529,
        "update_time":"2018-11-04T14:01:12Z",
        "codice_fiscale":"MSCFRC75D11H501C",
        "descrizione_risultato":"Individuale",
        "sigla_categoria":"M35",
        "tempo_ufficiale":23196,
        "codice_gara":"52",
        "id_master_ris":"544011-826",
        "data_nascita":"1975-04-11T00:00:00Z",
        "denominazione":"Flaminio Sporting Club",
        "id":"544011",
        "id_tipo_cronometraggio":2,
        "descrizione_breve":"200 MI",
        "id_comitato":0,
        "tipo_cronometraggio":"Automatico",
        "lunghezza":"25",
        "straniero":"ITA",
        "id_cp":0,
        "categoria":"Master 35",
        "nome":"FEDERICO",
        "id_turno":1,
        "id_atleta":632277,
        "id_tipo_gara":17,
        "batteria":0,
        "cittadinanza":"ITA",
        "descrizione":"6° Trofeo Nantes Ostiensis",
        "id_tipo_risultato":1,
        "stagione":2012,
        "sesso":"M",
        "gara":"200 Misti",
        "sigla_comitato":"FIN",
        "id_lunghezza_vasca":1,
        "livello":"true",
        "_version_":1751349746767757315},
      {
        "piazzamento":0,
        "ordine":1,
        "lunghezza_vasca":"25m",
        "atleta":"MASCI FEDERICO",
        "corsia":0,
        "cognome":"MASCI",
        "luogo":"Ostia",
        "data_risultato":1359846000,
        "tempo_base":43673,
        "id_evento":12559,
        "id_categoria":"66",
        "id_societa":826,
        "turno":"Serie",
        "id_gara":391030,
        "update_time":"2018-11-04T14:01:12Z",
        "codice_fiscale":"MSCFRC75D11H501C",
        "descrizione_risultato":"Individuale",
        "sigla_categoria":"M35",
        "tempo_ufficiale":52936,
        "codice_gara":"54",
        "id_master_ris":"519982-826",
        "data_nascita":"1975-04-11T00:00:00Z",
        "denominazione":"Flaminio Sporting Club",
        "id":"519982",
        "id_tipo_cronometraggio":2,
        "descrizione_breve":"400 MI",
        "id_comitato":0,
        "tipo_cronometraggio":"Automatico",
        "lunghezza":"25",
        "straniero":"ITA",
        "id_cp":0,
        "categoria":"Master 35",
        "nome":"FEDERICO",
        "id_turno":1,
        "id_atleta":632277,
        "id_tipo_gara":18,
        "batteria":0,
        "cittadinanza":"ITA",
        "descrizione":"Regionali Lazio",
        "id_tipo_risultato":1,
        "stagione":2012,
        "sesso":"M",
        "gara":"400 Misti",
        "sigla_comitato":"FIN",
        "id_lunghezza_vasca":1,
        "livello":"true",
        "_version_":1751349746948112385},
      {
        "piazzamento":0,
        "ordine":1,
        "lunghezza_vasca":"25m",
        "atleta":"MASCI FEDERICO",
        "corsia":0,
        "cognome":"MASCI",
        "luogo":"Roma",
        "data_risultato":1354921200,
        "tempo_base":2294,
        "id_evento":12538,
        "id_categoria":"66",
        "id_societa":826,
        "turno":"Serie",
        "id_gara":351494,
        "update_time":"2018-11-04T14:00:03Z",
        "codice_fiscale":"MSCFRC75D11H501C",
        "descrizione_risultato":"Individuale",
        "sigla_categoria":"M35",
        "tempo_ufficiale":2961,
        "codice_gara":"00",
        "id_master_ris":"497330-826",
        "data_nascita":"1975-04-11T00:00:00Z",
        "denominazione":"Flaminio Sporting Club",
        "id":"497330",
        "id_tipo_cronometraggio":2,
        "descrizione_breve":"50 SL",
        "id_comitato":0,
        "tipo_cronometraggio":"Automatico",
        "lunghezza":"25",
        "straniero":"ITA",
        "id_cp":0,
        "categoria":"Master 35",
        "nome":"FEDERICO",
        "id_turno":1,
        "id_atleta":632277,
        "id_tipo_gara":1,
        "batteria":0,
        "cittadinanza":"ITA",
        "descrizione":"4° Memorial Brunelleschi",
        "id_tipo_risultato":1,
        "stagione":2012,
        "sesso":"M",
        "gara":"50 Stile Libero",
        "sigla_comitato":"FIN",
        "id_lunghezza_vasca":1,
        "livello":"true",
        "_version_":1751349719349592065},
      {
        "piazzamento":0,
        "ordine":1,
        "lunghezza_vasca":"25m",
        "atleta":"MASCI FEDERICO",
        "corsia":0,
        "cognome":"MASCI",
        "luogo":"L`Aquila",
        "data_risultato":1351983600,
        "tempo_base":5108,
        "id_evento":12518,
        "id_categoria":"66",
        "id_societa":826,
        "turno":"Serie",
        "id_gara":353380,
        "update_time":"2018-11-04T14:00:03Z",
        "codice_fiscale":"MSCFRC75D11H501C",
        "descrizione_risultato":"Individuale",
        "sigla_categoria":"M35",
        "tempo_ufficiale":10357,
        "codice_gara":"01",
        "id_master_ris":"480403-826",
        "data_nascita":"1975-04-11T00:00:00Z",
        "denominazione":"Flaminio Sporting Club",
        "id":"480403",
        "id_tipo_cronometraggio":2,
        "descrizione_breve":"100 SL",
        "id_comitato":0,
        "tipo_cronometraggio":"Automatico",
        "lunghezza":"25",
        "straniero":"ITA",
        "id_cp":0,
        "categoria":"Master 35",
        "nome":"FEDERICO",
        "id_turno":1,
        "id_atleta":632277,
        "id_tipo_gara":2,
        "batteria":0,
        "cittadinanza":"ITA",
        "descrizione":"9° meeting della Solidarietà",
        "id_tipo_risultato":1,
        "stagione":2012,
        "sesso":"M",
        "gara":"100 Stile Libero",
        "sigla_comitato":"FIN",
        "id_lunghezza_vasca":1,
        "livello":"true",
        "_version_":1751349720015437826},
      {
        "piazzamento":0,
        "ordine":1,
        "lunghezza_vasca":"25m",
        "atleta":"MASCI FEDERICO",
        "corsia":0,
        "cognome":"MASCI",
        "luogo":"L`Aquila",
        "data_risultato":1351983600,
        "tempo_base":5752,
        "id_evento":12518,
        "id_categoria":"66",
        "id_societa":826,
        "turno":"Serie",
        "id_gara":359644,
        "update_time":"2018-11-04T14:00:03Z",
        "codice_fiscale":"MSCFRC75D11H501C",
        "descrizione_risultato":"Individuale",
        "sigla_categoria":"M35",
        "tempo_ufficiale":11217,
        "codice_gara":"21",
        "id_master_ris":"480404-826",
        "data_nascita":"1975-04-11T00:00:00Z",
        "denominazione":"Flaminio Sporting Club",
        "id":"480404",
        "id_tipo_cronometraggio":2,
        "descrizione_breve":"100 DO",
        "id_comitato":0,
        "tipo_cronometraggio":"Automatico",
        "lunghezza":"25",
        "straniero":"ITA",
        "id_cp":0,
        "categoria":"Master 35",
        "nome":"FEDERICO",
        "id_turno":1,
        "id_atleta":632277,
        "id_tipo_gara":8,
        "batteria":0,
        "cittadinanza":"ITA",
        "descrizione":"9° meeting della Solidarietà",
        "id_tipo_risultato":1,
        "stagione":2012,
        "sesso":"M",
        "gara":"100 Dorso",
        "sigla_comitato":"FIN",
        "id_lunghezza_vasca":1,
        "livello":"true",
        "_version_":1751349721038848000},
      {
        "piazzamento":0,
        "ordine":1,
        "lunghezza_vasca":"25m",
        "atleta":"MASCI FEDERICO",
        "corsia":0,
        "cognome":"MASCI",
        "luogo":"Roma",
        "data_risultato":1354921200,
        "tempo_base":10320,
        "id_evento":12538,
        "id_categoria":"66",
        "id_societa":826,
        "turno":"Serie",
        "id_gara":373217,
        "update_time":"2018-11-04T14:00:03Z",
        "codice_fiscale":"MSCFRC75D11H501C",
        "descrizione_risultato":"Individuale",
        "sigla_categoria":"M35",
        "tempo_ufficiale":12217,
        "codice_gara":"31",
        "id_master_ris":"496729-826",
        "data_nascita":"1975-04-11T00:00:00Z",
        "denominazione":"Flaminio Sporting Club",
        "id":"496729",
        "id_tipo_cronometraggio":2,
        "descrizione_breve":"100 RA",
        "id_comitato":0,
        "tipo_cronometraggio":"Automatico",
        "lunghezza":"25",
        "straniero":"ITA",
        "id_cp":0,
        "categoria":"Master 35",
        "nome":"FEDERICO",
        "id_turno":1,
        "id_atleta":632277,
        "id_tipo_gara":11,
        "batteria":0,
        "cittadinanza":"ITA",
        "descrizione":"4° Memorial Brunelleschi",
        "id_tipo_risultato":1,
        "stagione":2012,
        "sesso":"M",
        "gara":"100 Rana",
        "sigla_comitato":"FIN",
        "id_lunghezza_vasca":1,
        "livello":"true",
        "_version_":1751349721775996929},
      {
        "piazzamento":0,
        "ordine":1,
        "lunghezza_vasca":"25m",
        "atleta":"MASCI FEDERICO",
        "corsia":0,
        "cognome":"MASCI",
        "luogo":"Umbertide",
        "data_risultato":1353798000,
        "tempo_base":5561,
        "id_evento":12530,
        "id_categoria":"66",
        "id_societa":826,
        "turno":"Serie",
        "id_gara":384162,
        "update_time":"2018-11-04T14:00:03Z",
        "codice_fiscale":"MSCFRC75D11H501C",
        "descrizione_risultato":"Individuale",
        "sigla_categoria":"M35",
        "tempo_ufficiale":11314,
        "codice_gara":"41",
        "id_master_ris":"489845-826",
        "data_nascita":"1975-04-11T00:00:00Z",
        "denominazione":"Flaminio Sporting Club",
        "id":"489845",
        "id_tipo_cronometraggio":2,
        "descrizione_breve":"100 FA",
        "id_comitato":0,
        "tipo_cronometraggio":"Automatico",
        "lunghezza":"25",
        "straniero":"ITA",
        "id_cp":0,
        "categoria":"Master 35",
        "nome":"FEDERICO",
        "id_turno":1,
        "id_atleta":632277,
        "id_tipo_gara":14,
        "batteria":0,
        "cittadinanza":"ITA",
        "descrizione":"1° Trofeo Sprint Umbertide",
        "id_tipo_risultato":1,
        "stagione":2012,
        "sesso":"M",
        "gara":"100 Farfalla",
        "sigla_comitato":"FIN",
        "id_lunghezza_vasca":1,
        "livello":"true",
        "_version_":1751349722492174337},
      {
        "piazzamento":0,
        "ordine":1,
        "lunghezza_vasca":"50m",
        "atleta":"MASCI FEDERICO",
        "corsia":0,
        "cognome":"MASCI",
        "luogo":"Roma",
        "data_risultato":1353193200,
        "tempo_base":41174,
        "id_evento":12523,
        "id_categoria":"66",
        "id_societa":826,
        "turno":"Serie",
        "id_gara":355875,
        "update_time":"2018-11-04T14:00:03Z",
        "codice_fiscale":"MSCFRC75D11H501C",
        "descrizione_risultato":"Individuale",
        "sigla_categoria":"M35",
        "tempo_ufficiale":50903,
        "codice_gara":"04",
        "id_master_ris":"483838-826",
        "data_nascita":"1975-04-11T00:00:00Z",
        "denominazione":"Flaminio Sporting Club",
        "id":"483838",
        "id_tipo_cronometraggio":2,
        "descrizione_breve":"400 SL",
        "id_comitato":0,
        "tipo_cronometraggio":"Automatico",
        "lunghezza":"50",
        "straniero":"ITA",
        "id_cp":0,
        "categoria":"Master 35",
        "nome":"FEDERICO",
        "id_turno":1,
        "id_atleta":632277,
        "id_tipo_gara":4,
        "batteria":0,
        "cittadinanza":"ITA",
        "descrizione":"2° Trofeo P. Costoli",
        "id_tipo_risultato":1,
        "stagione":2012,
        "sesso":"M",
        "gara":"400 Stile Libero",
        "sigla_comitato":"FIN",
        "id_lunghezza_vasca":2,
        "livello":"true",
        "_version_":1751349723828060162},
      {
        "piazzamento":0,
        "ordine":1,
        "lunghezza_vasca":"50m",
        "atleta":"MASCI FEDERICO",
        "corsia":0,
        "cognome":"MASCI",
        "luogo":"Civitavecchia",
        "data_risultato":1352502000,
        "tempo_base":84435,
        "id_evento":12520,
        "id_categoria":"66",
        "id_societa":826,
        "turno":"Serie",
        "id_gara":356619,
        "update_time":"2018-11-04T14:00:03Z",
        "codice_fiscale":"MSCFRC75D11H501C",
        "descrizione_risultato":"Individuale",
        "sigla_categoria":"M35",
        "tempo_ufficiale":105760,
        "codice_gara":"08",
        "id_master_ris":"481267-826",
        "data_nascita":"1975-04-11T00:00:00Z",
        "denominazione":"Flaminio Sporting Club",
        "id":"481267",
        "id_tipo_cronometraggio":2,
        "descrizione_breve":"800 SL",
        "id_comitato":0,
        "tipo_cronometraggio":"Automatico",
        "lunghezza":"50",
        "straniero":"ITA",
        "id_cp":0,
        "categoria":"Master 35",
        "nome":"FEDERICO",
        "id_turno":1,
        "id_atleta":632277,
        "id_tipo_gara":5,
        "batteria":0,
        "cittadinanza":"ITA",
        "descrizione":"Distanze Speciali Lazio",
        "id_tipo_risultato":1,
        "stagione":2012,
        "sesso":"M",
        "gara":"800 Stile Libero",
        "sigla_comitato":"FIN",
        "id_lunghezza_vasca":2,
        "livello":"true",
        "_version_":1751349723922432003},
      {
        "piazzamento":0,
        "ordine":1,
        "lunghezza_vasca":"50m",
        "atleta":"MASCI FEDERICO",
        "corsia":0,
        "cognome":"MASCI",
        "luogo":"Civitavecchia",
        "data_risultato":1352502000,
        "tempo_base":164921,
        "id_evento":12520,
        "id_categoria":"66",
        "id_societa":826,
        "turno":"Serie",
        "id_gara":357072,
        "update_time":"2018-11-04T14:00:03Z",
        "codice_fiscale":"MSCFRC75D11H501C",
        "descrizione_risultato":"Individuale",
        "sigla_categoria":"M35",
        "tempo_ufficiale":205950,
        "codice_gara":"15",
        "id_master_ris":"481268-826",
        "data_nascita":"1975-04-11T00:00:00Z",
        "denominazione":"Flaminio Sporting Club",
        "id":"481268",
        "id_tipo_cronometraggio":2,
        "descrizione_breve":"1500 SL",
        "id_comitato":0,
        "tipo_cronometraggio":"Automatico",
        "lunghezza":"50",
        "straniero":"ITA",
        "id_cp":0,
        "categoria":"Master 35",
        "nome":"FEDERICO",
        "id_turno":1,
        "id_atleta":632277,
        "id_tipo_gara":6,
        "batteria":0,
        "cittadinanza":"ITA",
        "descrizione":"Distanze Speciali Lazio",
        "id_tipo_risultato":1,
        "stagione":2012,
        "sesso":"M",
        "gara":"1500 Stile Libero",
        "sigla_comitato":"FIN",
        "id_lunghezza_vasca":2,
        "livello":"true",
        "_version_":1751349723992686592},
      {
        "piazzamento":0,
        "ordine":1,
        "lunghezza_vasca":"50m",
        "atleta":"MASCI FEDERICO",
        "corsia":0,
        "cognome":"MASCI",
        "luogo":"Roma",
        "data_risultato":1353193200,
        "tempo_base":2941,
        "id_evento":12523,
        "id_categoria":"66",
        "id_societa":826,
        "turno":"Serie",
        "id_gara":367395,
        "update_time":"2018-11-04T14:00:03Z",
        "codice_fiscale":"MSCFRC75D11H501C",
        "descrizione_risultato":"Individuale",
        "sigla_categoria":"M35",
        "tempo_ufficiale":3958,
        "codice_gara":"30",
        "id_master_ris":"484623-826",
        "data_nascita":"1975-04-11T00:00:00Z",
        "denominazione":"Flaminio Sporting Club",
        "id":"484623",
        "id_tipo_cronometraggio":2,
        "descrizione_breve":"50 RA",
        "id_comitato":0,
        "tipo_cronometraggio":"Automatico",
        "lunghezza":"50",
        "straniero":"ITA",
        "id_cp":0,
        "categoria":"Master 35",
        "nome":"FEDERICO",
        "id_turno":1,
        "id_atleta":632277,
        "id_tipo_gara":10,
        "batteria":0,
        "cittadinanza":"ITA",
        "descrizione":"2° Trofeo P. Costoli",
        "id_tipo_risultato":1,
        "stagione":2012,
        "sesso":"M",
        "gara":"50 Rana",
        "sigla_comitato":"FIN",
        "id_lunghezza_vasca":2,
        "livello":"true",
        "_version_":1751349724217081857},
      {
        "piazzamento":0,
        "ordine":1,
        "lunghezza_vasca":"50m",
        "atleta":"MASCI FEDERICO",
        "corsia":0,
        "cognome":"MASCI",
        "luogo":"Roma",
        "data_risultato":1400968800,
        "tempo_base":2752,
        "id_evento":12038,
        "id_categoria":"66",
        "id_societa":826,
        "turno":"Serie",
        "id_gara":310520,
        "update_time":"2018-11-04T14:00:03Z",
        "codice_fiscale":"MSCFRC75D11H501C",
        "descrizione_risultato":"Individuale",
        "sigla_categoria":"M35",
        "tempo_ufficiale":3442,
        "codice_gara":"20",
        "id_master_ris":"461167-826",
        "data_nascita":"1975-04-11T00:00:00Z",
        "denominazione":"Flaminio Sporting Club",
        "id":"461167",
        "id_tipo_cronometraggio":2,
        "descrizione_breve":"50 DO",
        "id_comitato":0,
        "tipo_cronometraggio":"Automatico",
        "lunghezza":"50",
        "straniero":"ITA",
        "id_cp":0,
        "categoria":"Master 35",
        "nome":"FEDERICO",
        "id_turno":1,
        "id_atleta":632277,
        "id_tipo_gara":7,
        "batteria":0,
        "cittadinanza":"ITA",
        "descrizione":"14° Meeting Flaminio SC",
        "id_tipo_risultato":1,
        "stagione":2013,
        "sesso":"M",
        "gara":"50 Dorso",
        "sigla_comitato":"FIN",
        "id_lunghezza_vasca":2,
        "livello":"true",
        "_version_":1751349731173335041},
      {
        "piazzamento":0,
        "ordine":1,
        "lunghezza_vasca":"50m",
        "atleta":"MASCI FEDERICO",
        "corsia":0,
        "cognome":"MASCI",
        "luogo":"Roma",
        "data_risultato":1400968800,
        "tempo_base":10004,
        "id_evento":12038,
        "id_categoria":"66",
        "id_societa":826,
        "turno":"Serie",
        "id_gara":312104,
        "update_time":"2018-11-04T14:00:03Z",
        "codice_fiscale":"MSCFRC75D11H501C",
        "descrizione_risultato":"Individuale",
        "sigla_categoria":"M35",
        "tempo_ufficiale":11649,
        "codice_gara":"21",
        "id_master_ris":"460752-826",
        "data_nascita":"1975-04-11T00:00:00Z",
        "denominazione":"Flaminio Sporting Club",
        "id":"460752",
        "id_tipo_cronometraggio":2,
        "descrizione_breve":"100 DO",
        "id_comitato":0,
        "tipo_cronometraggio":"Automatico",
        "lunghezza":"50",
        "straniero":"ITA",
        "id_cp":0,
        "categoria":"Master 35",
        "nome":"FEDERICO",
        "id_turno":1,
        "id_atleta":632277,
        "id_tipo_gara":8,
        "batteria":0,
        "cittadinanza":"ITA",
        "descrizione":"14° Meeting Flaminio SC",
        "id_tipo_risultato":1,
        "stagione":2013,
        "sesso":"M",
        "gara":"100 Dorso",
        "sigla_comitato":"FIN",
        "id_lunghezza_vasca":2,
        "livello":"true",
        "_version_":1751349731451207680},
      {
        "piazzamento":0,
        "ordine":1,
        "lunghezza_vasca":"50m",
        "atleta":"MASCI FEDERICO",
        "corsia":6,
        "cognome":"MASCI",
        "luogo":"TRIESTE",
        "data_risultato":1372716000,
        "tempo_base":22486,
        "id_evento":12636,
        "id_categoria":"66",
        "id_societa":826,
        "turno":"Serie",
        "id_gara":376644,
        "update_time":"2018-11-04T14:02:24Z",
        "codice_fiscale":"MSCFRC75D11H501C",
        "descrizione_risultato":"Individuale",
        "sigla_categoria":"M35",
        "tempo_ufficiale":30199,
        "codice_gara":"32",
        "id_master_ris":"586223-826",
        "data_nascita":"1975-04-11T00:00:00Z",
        "denominazione":"Flaminio Sporting Club",
        "id":"586223",
        "id_tipo_cronometraggio":2,
        "descrizione_breve":"200 RA",
        "id_comitato":0,
        "tipo_cronometraggio":"Automatico",
        "lunghezza":"50",
        "straniero":"ITA",
        "id_cp":0,
        "categoria":"Master 35",
        "nome":"FEDERICO",
        "id_turno":1,
        "id_atleta":632277,
        "id_tipo_gara":12,
        "batteria":216,
        "cittadinanza":"ITA",
        "descrizione":"CAMPIONATI ITALIANI DI NUOTO MASTERS 2013",
        "id_tipo_risultato":1,
        "stagione":2012,
        "sesso":"M",
        "gara":"200 Rana",
        "sigla_comitato":"FIN",
        "id_lunghezza_vasca":2,
        "livello":"true",
        "_version_":1751349764716232706}]
  }}
