{
  "responseHeader":{
    "status":0,
    "QTime":0,
    "params":{
      "q":"*:*",
      "start":"40",
      "fq":["cognome: masci",
        "nome: federico"],
      "rows":"40"}},
  "response":{"numFound":238,"start":40,"docs":[
      {
        "piazzamento":0,
        "ordine":1,
        "lunghezza_vasca":"25m",
        "atleta":"MASCI FEDERICO",
        "corsia":0,
        "cognome":"MASCI",
        "luogo":"Roma",
        "data_risultato":1421535600,
        "tempo_base":15491,
        "id_evento":11828,
        "id_categoria":"68",
        "id_societa":826,
        "turno":"Serie",
        "id_gara":284110,
        "update_time":"2018-11-04T13:55:24Z",
        "codice_fiscale":"MSCFRC75D11H501C",
        "descrizione_risultato":"Individuale",
        "sigla_categoria":"M40",
        "tempo_ufficiale":22124,
        "codice_gara":"02",
        "id_master_ris":"275486-826",
        "data_nascita":"1975-04-11T00:00:00Z",
        "denominazione":"Flaminio Sporting Club",
        "id":"275486",
        "id_tipo_cronometraggio":2,
        "descrizione_breve":"200 SL",
        "id_comitato":0,
        "tipo_cronometraggio":"Automatico",
        "lunghezza":"25",
        "straniero":"ITA",
        "id_cp":0,
        "categoria":"Master 40",
        "nome":"FEDERICO",
        "id_turno":1,
        "id_atleta":632277,
        "id_tipo_gara":3,
        "batteria":0,
        "cittadinanza":"ITA",
        "descrizione":"19° Trofeo Forum Sprint",
        "id_tipo_risultato":1,
        "stagione":2014,
        "sesso":"M",
        "gara":"200 Stile Libero",
        "sigla_comitato":"FIN",
        "id_lunghezza_vasca":1,
        "livello":"true",
        "_version_":1751349660839051266},
      {
        "piazzamento":0,
        "ordine":1,
        "lunghezza_vasca":"25m",
        "atleta":"MASCI FEDERICO",
        "corsia":0,
        "cognome":"MASCI",
        "luogo":"Viterbo",
        "data_risultato":1422054000,
        "tempo_base":2683,
        "id_evento":11830,
        "id_categoria":"68",
        "id_societa":826,
        "turno":"Serie",
        "id_gara":288214,
        "update_time":"2018-11-04T13:55:24Z",
        "codice_fiscale":"MSCFRC75D11H501C",
        "descrizione_risultato":"Individuale",
        "sigla_categoria":"M40",
        "tempo_ufficiale":3312,
        "codice_gara":"20",
        "id_master_ris":"279146-826",
        "data_nascita":"1975-04-11T00:00:00Z",
        "denominazione":"Flaminio Sporting Club",
        "id":"279146",
        "id_tipo_cronometraggio":2,
        "descrizione_breve":"50 DO",
        "id_comitato":0,
        "tipo_cronometraggio":"Automatico",
        "lunghezza":"25",
        "straniero":"ITA",
        "id_cp":0,
        "categoria":"Master 40",
        "nome":"FEDERICO",
        "id_turno":1,
        "id_atleta":632277,
        "id_tipo_gara":7,
        "batteria":0,
        "cittadinanza":"ITA",
        "descrizione":"12° Trofeo Larus Master",
        "id_tipo_risultato":1,
        "stagione":2014,
        "sesso":"M",
        "gara":"50 Dorso",
        "sigla_comitato":"FIN",
        "id_lunghezza_vasca":1,
        "livello":"true",
        "_version_":1751349662192762880},
      {
        "piazzamento":0,
        "ordine":1,
        "lunghezza_vasca":"25m",
        "atleta":"MASCI FEDERICO",
        "corsia":0,
        "cognome":"MASCI",
        "luogo":"Viterbo",
        "data_risultato":1422054000,
        "tempo_base":20791,
        "id_evento":11830,
        "id_categoria":"68",
        "id_societa":826,
        "turno":"Serie",
        "id_gara":290979,
        "update_time":"2018-11-04T13:55:24Z",
        "codice_fiscale":"MSCFRC75D11H501C",
        "descrizione_risultato":"Individuale",
        "sigla_categoria":"M40",
        "tempo_ufficiale":23012,
        "codice_gara":"22",
        "id_master_ris":"278637-826",
        "data_nascita":"1975-04-11T00:00:00Z",
        "denominazione":"Flaminio Sporting Club",
        "id":"278637",
        "id_tipo_cronometraggio":2,
        "descrizione_breve":"200 DO",
        "id_comitato":0,
        "tipo_cronometraggio":"Automatico",
        "lunghezza":"25",
        "straniero":"ITA",
        "id_cp":0,
        "categoria":"Master 40",
        "nome":"FEDERICO",
        "id_turno":1,
        "id_atleta":632277,
        "id_tipo_gara":9,
        "batteria":0,
        "cittadinanza":"ITA",
        "descrizione":"12° Trofeo Larus Master",
        "id_tipo_risultato":1,
        "stagione":2014,
        "sesso":"M",
        "gara":"200 Dorso",
        "sigla_comitato":"FIN",
        "id_lunghezza_vasca":1,
        "livello":"true",
        "_version_":1751349662893211649},
      {
        "piazzamento":0,
        "ordine":1,
        "lunghezza_vasca":"25m",
        "atleta":"MASCI FEDERICO",
        "corsia":0,
        "cognome":"MASCI",
        "luogo":"Ostia",
        "data_risultato":1422658800,
        "tempo_base":20791,
        "id_evento":11833,
        "id_categoria":"68",
        "id_societa":826,
        "turno":"Serie",
        "id_gara":290981,
        "update_time":"2018-11-04T13:55:24Z",
        "codice_fiscale":"MSCFRC75D11H501C",
        "descrizione_risultato":"Individuale",
        "sigla_categoria":"M40",
        "tempo_ufficiale":23008,
        "codice_gara":"22",
        "id_master_ris":"282210-826",
        "data_nascita":"1975-04-11T00:00:00Z",
        "denominazione":"Flaminio Sporting Club",
        "id":"282210",
        "id_tipo_cronometraggio":2,
        "descrizione_breve":"200 DO",
        "id_comitato":0,
        "tipo_cronometraggio":"Automatico",
        "lunghezza":"25",
        "straniero":"ITA",
        "id_cp":0,
        "categoria":"Master 40",
        "nome":"FEDERICO",
        "id_turno":1,
        "id_atleta":632277,
        "id_tipo_gara":9,
        "batteria":0,
        "cittadinanza":"ITA",
        "descrizione":"Regionali Lazio",
        "id_tipo_risultato":1,
        "stagione":2014,
        "sesso":"M",
        "gara":"200 Dorso",
        "sigla_comitato":"FIN",
        "id_lunghezza_vasca":1,
        "livello":"true",
        "_version_":1751349662894260224},
      {
        "piazzamento":0,
        "ordine":1,
        "lunghezza_vasca":"25m",
        "atleta":"MASCI FEDERICO",
        "corsia":0,
        "cognome":"MASCI",
        "luogo":"Roma",
        "data_risultato":1418425200,
        "tempo_base":2903,
        "id_evento":11812,
        "id_categoria":"68",
        "id_societa":826,
        "turno":"Serie",
        "id_gara":292696,
        "update_time":"2018-11-04T13:55:24Z",
        "codice_fiscale":"MSCFRC75D11H501C",
        "descrizione_risultato":"Individuale",
        "sigla_categoria":"M40",
        "tempo_ufficiale":3741,
        "codice_gara":"30",
        "id_master_ris":"263246-826",
        "data_nascita":"1975-04-11T00:00:00Z",
        "denominazione":"Flaminio Sporting Club",
        "id":"263246",
        "id_tipo_cronometraggio":2,
        "descrizione_breve":"50 RA",
        "id_comitato":0,
        "tipo_cronometraggio":"Automatico",
        "lunghezza":"25",
        "straniero":"ITA",
        "id_cp":0,
        "categoria":"Master 40",
        "nome":"FEDERICO",
        "id_turno":1,
        "id_atleta":632277,
        "id_tipo_gara":10,
        "batteria":0,
        "cittadinanza":"ITA",
        "descrizione":"6° Memorial Brunelleschi",
        "id_tipo_risultato":1,
        "stagione":2014,
        "sesso":"M",
        "gara":"50 Rana",
        "sigla_comitato":"FIN",
        "id_lunghezza_vasca":1,
        "livello":"true",
        "_version_":1751349663458394115},
      {
        "piazzamento":0,
        "ordine":1,
        "lunghezza_vasca":"25m",
        "atleta":"MASCI FEDERICO",
        "corsia":0,
        "cognome":"MASCI",
        "luogo":"Roma",
        "data_risultato":1418425200,
        "tempo_base":2536,
        "id_evento":11812,
        "id_categoria":"68",
        "id_societa":826,
        "turno":"Serie",
        "id_gara":297315,
        "update_time":"2018-11-04T13:55:24Z",
        "codice_fiscale":"MSCFRC75D11H501C",
        "descrizione_risultato":"Individuale",
        "sigla_categoria":"M40",
        "tempo_ufficiale":3241,
        "codice_gara":"40",
        "id_master_ris":"262808-826",
        "data_nascita":"1975-04-11T00:00:00Z",
        "denominazione":"Flaminio Sporting Club",
        "id":"262808",
        "id_tipo_cronometraggio":2,
        "descrizione_breve":"50 FA",
        "id_comitato":0,
        "tipo_cronometraggio":"Automatico",
        "lunghezza":"25",
        "straniero":"ITA",
        "id_cp":0,
        "categoria":"Master 40",
        "nome":"FEDERICO",
        "id_turno":1,
        "id_atleta":632277,
        "id_tipo_gara":13,
        "batteria":0,
        "cittadinanza":"ITA",
        "descrizione":"6° Memorial Brunelleschi",
        "id_tipo_risultato":1,
        "stagione":2014,
        "sesso":"M",
        "gara":"50 Farfalla",
        "sigla_comitato":"FIN",
        "id_lunghezza_vasca":1,
        "livello":"true",
        "_version_":1751349665428668418},
      {
        "piazzamento":0,
        "ordine":1,
        "lunghezza_vasca":"25m",
        "atleta":"MASCI FEDERICO",
        "corsia":0,
        "cognome":"MASCI",
        "luogo":"Roma",
        "data_risultato":1421535600,
        "tempo_base":5891,
        "id_evento":11828,
        "id_categoria":"68",
        "id_societa":826,
        "turno":"Serie",
        "id_gara":300188,
        "update_time":"2018-11-04T13:55:24Z",
        "codice_fiscale":"MSCFRC75D11H501C",
        "descrizione_risultato":"Individuale",
        "sigla_categoria":"M40",
        "tempo_ufficiale":11128,
        "codice_gara":"51",
        "id_master_ris":"275485-826",
        "data_nascita":"1975-04-11T00:00:00Z",
        "denominazione":"Flaminio Sporting Club",
        "id":"275485",
        "id_tipo_cronometraggio":2,
        "descrizione_breve":"100 MI",
        "id_comitato":0,
        "tipo_cronometraggio":"Automatico",
        "lunghezza":"25",
        "straniero":"ITA",
        "id_cp":0,
        "categoria":"Master 40",
        "nome":"FEDERICO",
        "id_turno":1,
        "id_atleta":632277,
        "id_tipo_gara":16,
        "batteria":0,
        "cittadinanza":"ITA",
        "descrizione":"19° Trofeo Forum Sprint",
        "id_tipo_risultato":1,
        "stagione":2014,
        "sesso":"M",
        "gara":"100 Misti",
        "sigla_comitato":"FIN",
        "id_lunghezza_vasca":1,
        "livello":"true",
        "_version_":1751349666519187456},
      {
        "piazzamento":0,
        "ordine":1,
        "lunghezza_vasca":"25m",
        "atleta":"MASCI FEDERICO",
        "corsia":0,
        "cognome":"MASCI",
        "luogo":"Ostia",
        "data_risultato":1422658800,
        "tempo_base":20859,
        "id_evento":11833,
        "id_categoria":"68",
        "id_societa":826,
        "turno":"Serie",
        "id_gara":301285,
        "update_time":"2018-11-04T13:55:24Z",
        "codice_fiscale":"MSCFRC75D11H501C",
        "descrizione_risultato":"Individuale",
        "sigla_categoria":"M40",
        "tempo_ufficiale":23637,
        "codice_gara":"52",
        "id_master_ris":"282209-826",
        "data_nascita":"1975-04-11T00:00:00Z",
        "denominazione":"Flaminio Sporting Club",
        "id":"282209",
        "id_tipo_cronometraggio":2,
        "descrizione_breve":"200 MI",
        "id_comitato":0,
        "tipo_cronometraggio":"Automatico",
        "lunghezza":"25",
        "straniero":"ITA",
        "id_cp":0,
        "categoria":"Master 40",
        "nome":"FEDERICO",
        "id_turno":1,
        "id_atleta":632277,
        "id_tipo_gara":17,
        "batteria":0,
        "cittadinanza":"ITA",
        "descrizione":"Regionali Lazio",
        "id_tipo_risultato":1,
        "stagione":2014,
        "sesso":"M",
        "gara":"200 Misti",
        "sigla_comitato":"FIN",
        "id_lunghezza_vasca":1,
        "livello":"true",
        "_version_":1751349666980560898},
      {
        "piazzamento":0,
        "ordine":1,
        "lunghezza_vasca":"50m",
        "atleta":"MASCI FEDERICO",
        "corsia":0,
        "cognome":"MASCI",
        "luogo":"Roma",
        "data_risultato":1416697200,
        "tempo_base":41454,
        "id_evento":11798,
        "id_categoria":"68",
        "id_societa":826,
        "turno":"Serie",
        "id_gara":285384,
        "update_time":"2018-11-04T13:55:24Z",
        "codice_fiscale":"MSCFRC75D11H501C",
        "descrizione_risultato":"Individuale",
        "sigla_categoria":"M40",
        "tempo_ufficiale":51469,
        "codice_gara":"04",
        "id_master_ris":"251760-826",
        "data_nascita":"1975-04-11T00:00:00Z",
        "denominazione":"Flaminio Sporting Club",
        "id":"251760",
        "id_tipo_cronometraggio":2,
        "descrizione_breve":"400 SL",
        "id_comitato":0,
        "tipo_cronometraggio":"Automatico",
        "lunghezza":"50",
        "straniero":"ITA",
        "id_cp":0,
        "categoria":"Master 40",
        "nome":"FEDERICO",
        "id_turno":1,
        "id_atleta":632277,
        "id_tipo_gara":4,
        "batteria":0,
        "cittadinanza":"ITA",
        "descrizione":"4° Trofeo P. Costoli",
        "id_tipo_risultato":1,
        "stagione":2014,
        "sesso":"M",
        "gara":"400 Stile Libero",
        "sigla_comitato":"FIN",
        "id_lunghezza_vasca":2,
        "livello":"true",
        "_version_":1751349668746362883},
      {
        "piazzamento":0,
        "ordine":1,
        "lunghezza_vasca":"50m",
        "atleta":"MASCI FEDERICO",
        "corsia":0,
        "cognome":"MASCI",
        "luogo":"Roma",
        "data_risultato":1433023200,
        "tempo_base":21465,
        "id_evento":11914,
        "id_categoria":"68",
        "id_societa":826,
        "turno":"Serie",
        "id_gara":301332,
        "update_time":"2018-11-04T13:56:29Z",
        "codice_fiscale":"MSCFRC75D11H501C",
        "descrizione_risultato":"Individuale",
        "sigla_categoria":"M40",
        "tempo_ufficiale":24091,
        "codice_gara":"52",
        "id_master_ris":"347728-826",
        "data_nascita":"1975-04-11T00:00:00Z",
        "denominazione":"Flaminio Sporting Club",
        "id":"347728",
        "id_tipo_cronometraggio":2,
        "descrizione_breve":"200 MI",
        "id_comitato":0,
        "tipo_cronometraggio":"Automatico",
        "lunghezza":"50",
        "straniero":"ITA",
        "id_cp":0,
        "categoria":"Master 40",
        "nome":"FEDERICO",
        "id_turno":1,
        "id_atleta":632277,
        "id_tipo_gara":17,
        "batteria":0,
        "cittadinanza":"ITA",
        "descrizione":"15° Meeting Flaminio SC",
        "id_tipo_risultato":1,
        "stagione":2014,
        "sesso":"M",
        "gara":"200 Misti",
        "sigla_comitato":"FIN",
        "id_lunghezza_vasca":2,
        "livello":"true",
        "_version_":1751349685441789953},
      {
        "piazzamento":0,
        "ordine":1,
        "lunghezza_vasca":"50m",
        "atleta":"MASCI FEDERICO",
        "corsia":0,
        "cognome":"MASCI",
        "luogo":"Terni",
        "data_risultato":1464386400,
        "tempo_base":21441,
        "id_evento":11766,
        "id_categoria":"68",
        "id_societa":826,
        "turno":"Serie",
        "id_gara":277933,
        "update_time":"2018-11-04T13:54:19Z",
        "codice_fiscale":"MSCFRC75D11H501C",
        "descrizione_risultato":"Individuale",
        "sigla_categoria":"M40",
        "tempo_ufficiale":24047,
        "codice_gara":"52",
        "id_master_ris":"224488-826",
        "data_nascita":"1975-04-11T00:00:00Z",
        "denominazione":"Flaminio Sporting Club",
        "id":"224488",
        "id_tipo_cronometraggio":2,
        "descrizione_breve":"200 MI",
        "id_comitato":0,
        "tipo_cronometraggio":"Automatico",
        "lunghezza":"50",
        "straniero":"ITA",
        "id_cp":0,
        "categoria":"Master 40",
        "nome":"FEDERICO",
        "id_turno":1,
        "id_atleta":632277,
        "id_tipo_gara":17,
        "batteria":0,
        "cittadinanza":"ITA",
        "descrizione":"16° Meeting Flaminio SC",
        "id_tipo_risultato":1,
        "stagione":2015,
        "sesso":"M",
        "gara":"200 Misti",
        "sigla_comitato":"FIN",
        "id_lunghezza_vasca":2,
        "livello":"true",
        "_version_":1751349653816737793},
      {
        "piazzamento":0,
        "ordine":1,
        "lunghezza_vasca":"50m",
        "atleta":"MASCI FEDERICO",
        "corsia":0,
        "cognome":"MASCI",
        "luogo":"RICCIONE",
        "data_risultato":1466460000,
        "tempo_base":21441,
        "id_evento":11781,
        "id_categoria":"68",
        "id_societa":826,
        "turno":"Serie",
        "id_gara":277944,
        "update_time":"2018-11-04T13:54:19Z",
        "codice_fiscale":"MSCFRC75D11H501C",
        "descrizione_risultato":"Individuale",
        "sigla_categoria":"M40",
        "tempo_ufficiale":24068,
        "codice_gara":"52",
        "id_master_ris":"238213-826",
        "data_nascita":"1975-04-11T00:00:00Z",
        "denominazione":"Flaminio Sporting Club",
        "id":"238213",
        "id_tipo_cronometraggio":2,
        "descrizione_breve":"200 MI",
        "id_comitato":0,
        "tipo_cronometraggio":"Automatico",
        "lunghezza":"50",
        "straniero":"ITA",
        "id_cp":0,
        "categoria":"Master 40",
        "nome":"FEDERICO",
        "id_turno":1,
        "id_atleta":632277,
        "id_tipo_gara":17,
        "batteria":0,
        "cittadinanza":"ITA",
        "descrizione":"CAMPIONATI ITALIANI DI NUOTO MASTERS RICCIONE 2016",
        "id_tipo_risultato":1,
        "stagione":2015,
        "sesso":"M",
        "gara":"200 Misti",
        "sigla_comitato":"FIN",
        "id_lunghezza_vasca":2,
        "livello":"true",
        "_version_":1751349653817786369},
      {
        "piazzamento":0,
        "ordine":1,
        "lunghezza_vasca":"50m",
        "atleta":"MASCI FEDERICO",
        "corsia":0,
        "cognome":"MASCI",
        "luogo":"Roma",
        "data_risultato":1416697200,
        "tempo_base":10076,
        "id_evento":11798,
        "id_categoria":"68",
        "id_societa":826,
        "turno":"Serie",
        "id_gara":289922,
        "update_time":"2018-11-04T13:55:24Z",
        "codice_fiscale":"MSCFRC75D11H501C",
        "descrizione_risultato":"Individuale",
        "sigla_categoria":"M40",
        "tempo_ufficiale":11259,
        "codice_gara":"21",
        "id_master_ris":"251759-826",
        "data_nascita":"1975-04-11T00:00:00Z",
        "denominazione":"Flaminio Sporting Club",
        "id":"251759",
        "id_tipo_cronometraggio":2,
        "descrizione_breve":"100 DO",
        "id_comitato":0,
        "tipo_cronometraggio":"Automatico",
        "lunghezza":"50",
        "straniero":"ITA",
        "id_cp":0,
        "categoria":"Master 40",
        "nome":"FEDERICO",
        "id_turno":1,
        "id_atleta":632277,
        "id_tipo_gara":8,
        "batteria":0,
        "cittadinanza":"ITA",
        "descrizione":"4° Trofeo P. Costoli",
        "id_tipo_risultato":1,
        "stagione":2014,
        "sesso":"M",
        "gara":"100 Dorso",
        "sigla_comitato":"FIN",
        "id_lunghezza_vasca":2,
        "livello":"true",
        "_version_":1751349669130141698},
      {
        "piazzamento":0,
        "ordine":1,
        "lunghezza_vasca":"50m",
        "atleta":"MASCI FEDERICO",
        "corsia":0,
        "cognome":"MASCI",
        "luogo":"Roma",
        "data_risultato":1433628000,
        "tempo_base":2794,
        "id_evento":11920,
        "id_categoria":"68",
        "id_societa":826,
        "turno":"Serie",
        "id_gara":288293,
        "update_time":"2018-11-04T13:57:37Z",
        "codice_fiscale":"MSCFRC75D11H501C",
        "descrizione_risultato":"Individuale",
        "sigla_categoria":"M40",
        "tempo_ufficiale":3354,
        "codice_gara":"20",
        "id_master_ris":"352134-826",
        "data_nascita":"1975-04-11T00:00:00Z",
        "denominazione":"Flaminio Sporting Club",
        "id":"352134",
        "id_tipo_cronometraggio":2,
        "descrizione_breve":"50 DO",
        "id_comitato":0,
        "tipo_cronometraggio":"Automatico",
        "lunghezza":"50",
        "straniero":"ITA",
        "id_cp":0,
        "categoria":"Master 40",
        "nome":"FEDERICO",
        "id_turno":1,
        "id_atleta":632277,
        "id_tipo_gara":7,
        "batteria":0,
        "cittadinanza":"ITA",
        "descrizione":"1°Trofeo Roma nuoto Master",
        "id_tipo_risultato":1,
        "stagione":2014,
        "sesso":"M",
        "gara":"50 Dorso",
        "sigla_comitato":"FIN",
        "id_lunghezza_vasca":2,
        "livello":"true",
        "_version_":1751349700528701440},
      {
        "piazzamento":0,
        "ordine":1,
        "lunghezza_vasca":"50m",
        "atleta":"MASCI FEDERICO",
        "corsia":1,
        "cognome":"MASCI",
        "luogo":"RICCIONE",
        "data_risultato":1435096800,
        "tempo_base":10076,
        "id_evento":11923,
        "id_categoria":"68",
        "id_societa":826,
        "turno":"Serie",
        "id_gara":290006,
        "update_time":"2018-11-04T13:57:37Z",
        "codice_fiscale":"MSCFRC75D11H501C",
        "descrizione_risultato":"Individuale",
        "sigla_categoria":"M40",
        "tempo_ufficiale":11223,
        "codice_gara":"21",
        "id_master_ris":"359069-826",
        "data_nascita":"1975-04-11T00:00:00Z",
        "denominazione":"Flaminio Sporting Club",
        "id":"359069",
        "id_tipo_cronometraggio":2,
        "descrizione_breve":"100 DO",
        "id_comitato":0,
        "tipo_cronometraggio":"Automatico",
        "lunghezza":"50",
        "straniero":"ITA",
        "id_cp":0,
        "categoria":"Master 40",
        "nome":"FEDERICO",
        "id_turno":1,
        "id_atleta":632277,
        "id_tipo_gara":8,
        "batteria":0,
        "cittadinanza":"ITA",
        "descrizione":"CAMPIONATI ITALIANI DI NUOTO MASTERS RICCIONE 2015",
        "id_tipo_risultato":1,
        "stagione":2014,
        "sesso":"M",
        "gara":"100 Dorso",
        "sigla_comitato":"FIN",
        "id_lunghezza_vasca":2,
        "livello":"true",
        "_version_":1751349700628316161},
      {
        "piazzamento":0,
        "ordine":1,
        "lunghezza_vasca":"50m",
        "atleta":"MASCI FEDERICO",
        "corsia":2,
        "cognome":"MASCI",
        "luogo":"RICCIONE",
        "data_risultato":1435096800,
        "tempo_base":21434,
        "id_evento":11923,
        "id_categoria":"68",
        "id_societa":826,
        "turno":"Serie",
        "id_gara":291019,
        "update_time":"2018-11-04T13:57:37Z",
        "codice_fiscale":"MSCFRC75D11H501C",
        "descrizione_risultato":"Individuale",
        "sigla_categoria":"M40",
        "tempo_ufficiale":23896,
        "codice_gara":"22",
        "id_master_ris":"359068-826",
        "data_nascita":"1975-04-11T00:00:00Z",
        "denominazione":"Flaminio Sporting Club",
        "id":"359068",
        "id_tipo_cronometraggio":2,
        "descrizione_breve":"200 DO",
        "id_comitato":0,
        "tipo_cronometraggio":"Automatico",
        "lunghezza":"50",
        "straniero":"ITA",
        "id_cp":0,
        "categoria":"Master 40",
        "nome":"FEDERICO",
        "id_turno":1,
        "id_atleta":632277,
        "id_tipo_gara":9,
        "batteria":0,
        "cittadinanza":"ITA",
        "descrizione":"CAMPIONATI ITALIANI DI NUOTO MASTERS RICCIONE 2015",
        "id_tipo_risultato":1,
        "stagione":2014,
        "sesso":"M",
        "gara":"200 Dorso",
        "sigla_comitato":"FIN",
        "id_lunghezza_vasca":2,
        "livello":"true",
        "_version_":1751349700688084993},
      {
        "piazzamento":0,
        "ordine":1,
        "lunghezza_vasca":"50m",
        "atleta":"MASCI FEDERICO",
        "corsia":0,
        "cognome":"MASCI",
        "luogo":"Roma",
        "data_risultato":1495922400,
        "tempo_base":2558,
        "id_evento":3863,
        "id_categoria":"68",
        "id_societa":826,
        "turno":"Serie",
        "id_gara":191883,
        "update_time":"2018-11-04T13:52:13Z",
        "codice_fiscale":"MSCFRC75D11H501C",
        "descrizione_risultato":"Individuale",
        "sigla_categoria":"M40",
        "tempo_ufficiale":3307,
        "codice_gara":"40",
        "id_master_ris":"107318-826",
        "data_nascita":"1975-04-11T00:00:00Z",
        "denominazione":"Flaminio Sporting Club",
        "id":"107318",
        "id_tipo_cronometraggio":2,
        "descrizione_breve":"50 FA",
        "id_comitato":0,
        "tipo_cronometraggio":"Automatico",
        "lunghezza":"50",
        "straniero":"ITA",
        "id_cp":0,
        "categoria":"Master 40",
        "nome":"FEDERICO",
        "id_turno":1,
        "id_atleta":632277,
        "id_tipo_gara":13,
        "batteria":0,
        "cittadinanza":"ITA",
        "descrizione":"17° Meeting Flaminio SC",
        "id_tipo_risultato":1,
        "stagione":2016,
        "sesso":"M",
        "gara":"50 Farfalla",
        "sigla_comitato":"FIN",
        "id_lunghezza_vasca":2,
        "livello":"true",
        "_version_":1751349621845655554},
      {
        "piazzamento":0,
        "ordine":1,
        "lunghezza_vasca":"50m",
        "atleta":"MASCI FEDERICO",
        "corsia":9,
        "cognome":"MASCI",
        "luogo":"RICCIONE",
        "data_risultato":1498514400,
        "tempo_base":21441,
        "id_evento":3874,
        "id_categoria":"68",
        "id_societa":826,
        "turno":"Serie",
        "id_gara":196044,
        "update_time":"2018-11-04T13:52:13Z",
        "codice_fiscale":"MSCFRC75D11H501C",
        "descrizione_risultato":"Individuale",
        "sigla_categoria":"M40",
        "tempo_ufficiale":24297,
        "codice_gara":"52",
        "id_master_ris":"119536-826",
        "data_nascita":"1975-04-11T00:00:00Z",
        "denominazione":"Flaminio Sporting Club",
        "id":"119536",
        "id_tipo_cronometraggio":2,
        "descrizione_breve":"200 MI",
        "id_comitato":0,
        "tipo_cronometraggio":"Automatico",
        "lunghezza":"50",
        "straniero":"ITA",
        "id_cp":0,
        "categoria":"Master 40",
        "nome":"FEDERICO",
        "id_turno":1,
        "id_atleta":632277,
        "id_tipo_gara":17,
        "batteria":0,
        "cittadinanza":"ITA",
        "descrizione":"CAMPIONATI ITALIANI DI NUOTO MASTERS RICCIONE",
        "id_tipo_risultato":1,
        "stagione":2016,
        "sesso":"M",
        "gara":"200 Misti",
        "sigla_comitato":"FIN",
        "id_lunghezza_vasca":2,
        "livello":"true",
        "_version_":1751349622239920129},
      {
        "piazzamento":0,
        "ordine":1,
        "lunghezza_vasca":"50m",
        "atleta":"MASCI FEDERICO",
        "corsia":0,
        "cognome":"MASCI",
        "luogo":"Roma",
        "data_risultato":1265065200,
        "tempo_base":40764,
        "id_evento":13198,
        "id_categoria":"66",
        "id_societa":561,
        "turno":"Serie",
        "id_gara":534862,
        "update_time":"2018-11-04T14:08:51Z",
        "codice_fiscale":"MSCFRC75D11H501C",
        "descrizione_risultato":"Individuale",
        "sigla_categoria":"M35",
        "tempo_ufficiale":52008,
        "codice_gara":"04",
        "id_master_ris":"836428-561",
        "data_nascita":"1975-04-11T00:00:00Z",
        "denominazione":"Effedue Group - Roma",
        "id":"836428",
        "id_tipo_cronometraggio":2,
        "descrizione_breve":"400 SL",
        "id_comitato":0,
        "tipo_cronometraggio":"Automatico",
        "lunghezza":"50",
        "straniero":"ITA",
        "id_cp":0,
        "categoria":"Master 35",
        "nome":"FEDERICO",
        "id_turno":1,
        "id_atleta":632277,
        "id_tipo_gara":4,
        "batteria":0,
        "cittadinanza":"ITA",
        "descrizione":"Regionali Lazio",
        "id_tipo_risultato":1,
        "stagione":2009,
        "sesso":"M",
        "gara":"400 Stile Libero",
        "sigla_comitato":"FIN",
        "id_lunghezza_vasca":2,
        "livello":"true",
        "_version_":1751349843212632066},
      {
        "piazzamento":0,
        "ordine":1,
        "lunghezza_vasca":"50m",
        "atleta":"MASCI FEDERICO",
        "corsia":0,
        "cognome":"MASCI",
        "luogo":"OSTIA",
        "data_risultato":1277071200,
        "tempo_base":20926,
        "id_evento":13161,
        "id_categoria":"66",
        "id_societa":561,
        "turno":"Serie",
        "id_gara":538868,
        "update_time":"2018-11-04T14:08:51Z",
        "codice_fiscale":"MSCFRC75D11H501C",
        "descrizione_risultato":"Individuale",
        "sigla_categoria":"M35",
        "tempo_ufficiale":24615,
        "codice_gara":"22",
        "id_master_ris":"801959-561",
        "data_nascita":"1975-04-11T00:00:00Z",
        "denominazione":"Effedue Group - Roma",
        "id":"801959",
        "id_tipo_cronometraggio":2,
        "descrizione_breve":"200 DO",
        "id_comitato":0,
        "tipo_cronometraggio":"Automatico",
        "lunghezza":"50",
        "straniero":"ITA",
        "id_cp":0,
        "categoria":"Master 35",
        "nome":"FEDERICO",
        "id_turno":1,
        "id_atleta":632277,
        "id_tipo_gara":9,
        "batteria":0,
        "cittadinanza":"ITA",
        "descrizione":"CAMPIONATI ITALIANI MASTERS NUOTO",
        "id_tipo_risultato":1,
        "stagione":2009,
        "sesso":"M",
        "gara":"200 Dorso",
        "sigla_comitato":"FIN",
        "id_lunghezza_vasca":2,
        "livello":"true",
        "_version_":1751349843961315330},
      {
        "piazzamento":0,
        "ordine":1,
        "lunghezza_vasca":"50m",
        "atleta":"MASCI FEDERICO",
        "corsia":0,
        "cognome":"MASCI",
        "luogo":"OSTIA",
        "data_risultato":1277071200,
        "tempo_base":20819,
        "id_evento":13161,
        "id_categoria":"66",
        "id_societa":561,
        "turno":"Serie",
        "id_gara":546330,
        "update_time":"2018-11-04T14:08:51Z",
        "codice_fiscale":"MSCFRC75D11H501C",
        "descrizione_risultato":"Individuale",
        "sigla_categoria":"M35",
        "tempo_ufficiale":24797,
        "codice_gara":"52",
        "id_master_ris":"801960-561",
        "data_nascita":"1975-04-11T00:00:00Z",
        "denominazione":"Effedue Group - Roma",
        "id":"801960",
        "id_tipo_cronometraggio":2,
        "descrizione_breve":"200 MI",
        "id_comitato":0,
        "tipo_cronometraggio":"Automatico",
        "lunghezza":"50",
        "straniero":"ITA",
        "id_cp":0,
        "categoria":"Master 35",
        "nome":"FEDERICO",
        "id_turno":1,
        "id_atleta":632277,
        "id_tipo_gara":17,
        "batteria":0,
        "cittadinanza":"ITA",
        "descrizione":"CAMPIONATI ITALIANI MASTERS NUOTO",
        "id_tipo_risultato":1,
        "stagione":2009,
        "sesso":"M",
        "gara":"200 Misti",
        "sigla_comitato":"FIN",
        "id_lunghezza_vasca":2,
        "livello":"true",
        "_version_":1751349845330755584},
      {
        "piazzamento":0,
        "ordine":1,
        "lunghezza_vasca":"50m",
        "atleta":"MASCI FEDERICO",
        "corsia":0,
        "cognome":"MASCI",
        "luogo":"OSTIA",
        "data_risultato":1277071200,
        "tempo_base":44245,
        "id_evento":13161,
        "id_categoria":"66",
        "id_societa":561,
        "turno":"Serie",
        "id_gara":546843,
        "update_time":"2018-11-04T14:08:51Z",
        "codice_fiscale":"MSCFRC75D11H501C",
        "descrizione_risultato":"Individuale",
        "sigla_categoria":"M35",
        "tempo_ufficiale":55126,
        "codice_gara":"54",
        "id_master_ris":"801961-561",
        "data_nascita":"1975-04-11T00:00:00Z",
        "denominazione":"Effedue Group - Roma",
        "id":"801961",
        "id_tipo_cronometraggio":2,
        "descrizione_breve":"400 MI",
        "id_comitato":0,
        "tipo_cronometraggio":"Automatico",
        "lunghezza":"50",
        "straniero":"ITA",
        "id_cp":0,
        "categoria":"Master 35",
        "nome":"FEDERICO",
        "id_turno":1,
        "id_atleta":632277,
        "id_tipo_gara":18,
        "batteria":0,
        "cittadinanza":"ITA",
        "descrizione":"CAMPIONATI ITALIANI MASTERS NUOTO",
        "id_tipo_risultato":1,
        "stagione":2009,
        "sesso":"M",
        "gara":"400 Misti",
        "sigla_comitato":"FIN",
        "id_lunghezza_vasca":2,
        "livello":"true",
        "_version_":1751349845424078850},
      {
        "piazzamento":0,
        "ordine":1,
        "lunghezza_vasca":"50m",
        "atleta":"MASCI FEDERICO",
        "corsia":0,
        "cognome":"MASCI",
        "luogo":"Roma",
        "data_risultato":1265065200,
        "tempo_base":44245,
        "id_evento":13198,
        "id_categoria":"66",
        "id_societa":561,
        "turno":"Serie",
        "id_gara":546848,
        "update_time":"2018-11-04T14:08:51Z",
        "codice_fiscale":"MSCFRC75D11H501C",
        "descrizione_risultato":"Individuale",
        "sigla_categoria":"M35",
        "tempo_ufficiale":55680,
        "codice_gara":"54",
        "id_master_ris":"836427-561",
        "data_nascita":"1975-04-11T00:00:00Z",
        "denominazione":"Effedue Group - Roma",
        "id":"836427",
        "id_tipo_cronometraggio":2,
        "descrizione_breve":"400 MI",
        "id_comitato":0,
        "tipo_cronometraggio":"Automatico",
        "lunghezza":"50",
        "straniero":"ITA",
        "id_cp":0,
        "categoria":"Master 35",
        "nome":"FEDERICO",
        "id_turno":1,
        "id_atleta":632277,
        "id_tipo_gara":18,
        "batteria":0,
        "cittadinanza":"ITA",
        "descrizione":"Regionali Lazio",
        "id_tipo_risultato":1,
        "stagione":2009,
        "sesso":"M",
        "gara":"400 Misti",
        "sigla_comitato":"FIN",
        "id_lunghezza_vasca":2,
        "livello":"true",
        "_version_":1751349845424078851},
      {
        "piazzamento":0,
        "ordine":1,
        "lunghezza_vasca":"25m",
        "atleta":"MASCI FEDERICO",
        "corsia":0,
        "cognome":"MASCI",
        "luogo":"Firenze",
        "data_risultato":1268434800,
        "tempo_base":15131,
        "id_evento":13217,
        "id_categoria":"66",
        "id_societa":561,
        "turno":"Serie",
        "id_gara":534004,
        "update_time":"2018-11-04T14:10:15Z",
        "codice_fiscale":"MSCFRC75D11H501C",
        "descrizione_risultato":"Individuale",
        "sigla_categoria":"M35",
        "tempo_ufficiale":22753,
        "codice_gara":"02",
        "id_master_ris":"854466-561",
        "data_nascita":"1975-04-11T00:00:00Z",
        "denominazione":"Effedue Group - Roma",
        "id":"854466",
        "id_tipo_cronometraggio":2,
        "descrizione_breve":"200 SL",
        "id_comitato":0,
        "tipo_cronometraggio":"Automatico",
        "lunghezza":"25",
        "straniero":"ITA",
        "id_cp":0,
        "categoria":"Master 35",
        "nome":"FEDERICO",
        "id_turno":1,
        "id_atleta":632277,
        "id_tipo_gara":3,
        "batteria":0,
        "cittadinanza":"ITA",
        "descrizione":"17° Meeting Città di Firenze",
        "id_tipo_risultato":1,
        "stagione":2009,
        "sesso":"M",
        "gara":"200 Stile Libero",
        "sigla_comitato":"FIN",
        "id_lunghezza_vasca":1,
        "livello":"true",
        "_version_":1751349851612774403},
      {
        "piazzamento":0,
        "ordine":1,
        "lunghezza_vasca":"25m",
        "atleta":"MASCI FEDERICO",
        "corsia":0,
        "cognome":"MASCI",
        "luogo":"Roma",
        "data_risultato":1269644400,
        "tempo_base":20034,
        "id_evento":13224,
        "id_categoria":"66",
        "id_societa":561,
        "turno":"Serie",
        "id_gara":538895,
        "update_time":"2018-11-04T14:10:15Z",
        "codice_fiscale":"MSCFRC75D11H501C",
        "descrizione_risultato":"Individuale",
        "sigla_categoria":"M35",
        "tempo_ufficiale":23685,
        "codice_gara":"22",
        "id_master_ris":"860595-561",
        "data_nascita":"1975-04-11T00:00:00Z",
        "denominazione":"Effedue Group - Roma",
        "id":"860595",
        "id_tipo_cronometraggio":2,
        "descrizione_breve":"200 DO",
        "id_comitato":0,
        "tipo_cronometraggio":"Automatico",
        "lunghezza":"25",
        "straniero":"ITA",
        "id_cp":0,
        "categoria":"Master 35",
        "nome":"FEDERICO",
        "id_turno":1,
        "id_atleta":632277,
        "id_tipo_gara":9,
        "batteria":0,
        "cittadinanza":"ITA",
        "descrizione":"3° Trofeo Nantes Ostiensis",
        "id_tipo_risultato":1,
        "stagione":2009,
        "sesso":"M",
        "gara":"200 Dorso",
        "sigla_comitato":"FIN",
        "id_lunghezza_vasca":1,
        "livello":"true",
        "_version_":1751349852857434115},
      {
        "piazzamento":0,
        "ordine":1,
        "lunghezza_vasca":"25m",
        "atleta":"MASCI FEDERICO",
        "corsia":0,
        "cognome":"MASCI",
        "luogo":"Roma",
        "data_risultato":1271455200,
        "tempo_base":10257,
        "id_evento":13229,
        "id_categoria":"66",
        "id_societa":561,
        "turno":"Serie",
        "id_gara":541501,
        "update_time":"2018-11-04T14:10:15Z",
        "codice_fiscale":"MSCFRC75D11H501C",
        "descrizione_risultato":"Individuale",
        "sigla_categoria":"M35",
        "tempo_ufficiale":12455,
        "codice_gara":"31",
        "id_master_ris":"864592-561",
        "data_nascita":"1975-04-11T00:00:00Z",
        "denominazione":"Effedue Group - Roma",
        "id":"864592",
        "id_tipo_cronometraggio":2,
        "descrizione_breve":"100 RA",
        "id_comitato":0,
        "tipo_cronometraggio":"Automatico",
        "lunghezza":"25",
        "straniero":"ITA",
        "id_cp":0,
        "categoria":"Master 35",
        "nome":"FEDERICO",
        "id_turno":1,
        "id_atleta":632277,
        "id_tipo_gara":11,
        "batteria":0,
        "cittadinanza":"ITA",
        "descrizione":"1° Trofeo Empire",
        "id_tipo_risultato":1,
        "stagione":2009,
        "sesso":"M",
        "gara":"100 Rana",
        "sigla_comitato":"FIN",
        "id_lunghezza_vasca":1,
        "livello":"true",
        "_version_":1751349853892378625},
      {
        "piazzamento":0,
        "ordine":1,
        "lunghezza_vasca":"25m",
        "atleta":"MASCI FEDERICO",
        "corsia":0,
        "cognome":"MASCI",
        "luogo":"Roma",
        "data_risultato":1271455200,
        "tempo_base":5694,
        "id_evento":13229,
        "id_categoria":"66",
        "id_societa":561,
        "turno":"Serie",
        "id_gara":545587,
        "update_time":"2018-11-04T14:10:15Z",
        "codice_fiscale":"MSCFRC75D11H501C",
        "descrizione_risultato":"Individuale",
        "sigla_categoria":"M35",
        "tempo_ufficiale":11194,
        "codice_gara":"51",
        "id_master_ris":"864591-561",
        "data_nascita":"1975-04-11T00:00:00Z",
        "denominazione":"Effedue Group - Roma",
        "id":"864591",
        "id_tipo_cronometraggio":2,
        "descrizione_breve":"100 MI",
        "id_comitato":0,
        "tipo_cronometraggio":"Automatico",
        "lunghezza":"25",
        "straniero":"ITA",
        "id_cp":0,
        "categoria":"Master 35",
        "nome":"FEDERICO",
        "id_turno":1,
        "id_atleta":632277,
        "id_tipo_gara":16,
        "batteria":0,
        "cittadinanza":"ITA",
        "descrizione":"1° Trofeo Empire",
        "id_tipo_risultato":1,
        "stagione":2009,
        "sesso":"M",
        "gara":"100 Misti",
        "sigla_comitato":"FIN",
        "id_lunghezza_vasca":1,
        "livello":"true",
        "_version_":1751349855306907649},
      {
        "piazzamento":0,
        "ordine":1,
        "lunghezza_vasca":"25m",
        "atleta":"MASCI FEDERICO",
        "corsia":0,
        "cognome":"MASCI",
        "luogo":"Roma",
        "data_risultato":1269644400,
        "tempo_base":20329,
        "id_evento":13224,
        "id_categoria":"66",
        "id_societa":561,
        "turno":"Serie",
        "id_gara":546363,
        "update_time":"2018-11-04T14:10:15Z",
        "codice_fiscale":"MSCFRC75D11H501C",
        "descrizione_risultato":"Individuale",
        "sigla_categoria":"M35",
        "tempo_ufficiale":23512,
        "codice_gara":"52",
        "id_master_ris":"860596-561",
        "data_nascita":"1975-04-11T00:00:00Z",
        "denominazione":"Effedue Group - Roma",
        "id":"860596",
        "id_tipo_cronometraggio":2,
        "descrizione_breve":"200 MI",
        "id_comitato":0,
        "tipo_cronometraggio":"Automatico",
        "lunghezza":"25",
        "straniero":"ITA",
        "id_cp":0,
        "categoria":"Master 35",
        "nome":"FEDERICO",
        "id_turno":1,
        "id_atleta":632277,
        "id_tipo_gara":17,
        "batteria":0,
        "cittadinanza":"ITA",
        "descrizione":"3° Trofeo Nantes Ostiensis",
        "id_tipo_risultato":1,
        "stagione":2009,
        "sesso":"M",
        "gara":"200 Misti",
        "sigla_comitato":"FIN",
        "id_lunghezza_vasca":1,
        "livello":"true",
        "_version_":1751349855660277761},
      {
        "piazzamento":0,
        "ordine":1,
        "lunghezza_vasca":"25m",
        "atleta":"MASCI FEDERICO",
        "corsia":0,
        "cognome":"MASCI",
        "luogo":"Firenze",
        "data_risultato":1268434800,
        "tempo_base":42436,
        "id_evento":13217,
        "id_categoria":"66",
        "id_societa":561,
        "turno":"Serie",
        "id_gara":546858,
        "update_time":"2018-11-04T14:10:15Z",
        "codice_fiscale":"MSCFRC75D11H501C",
        "descrizione_risultato":"Individuale",
        "sigla_categoria":"M35",
        "tempo_ufficiale":55458,
        "codice_gara":"54",
        "id_master_ris":"854467-561",
        "data_nascita":"1975-04-11T00:00:00Z",
        "denominazione":"Effedue Group - Roma",
        "id":"854467",
        "id_tipo_cronometraggio":2,
        "descrizione_breve":"400 MI",
        "id_comitato":0,
        "tipo_cronometraggio":"Automatico",
        "lunghezza":"25",
        "straniero":"ITA",
        "id_cp":0,
        "categoria":"Master 35",
        "nome":"FEDERICO",
        "id_turno":1,
        "id_atleta":632277,
        "id_tipo_gara":18,
        "batteria":0,
        "cittadinanza":"ITA",
        "descrizione":"17° Meeting Città di Firenze",
        "id_tipo_risultato":1,
        "stagione":2009,
        "sesso":"M",
        "gara":"400 Misti",
        "sigla_comitato":"FIN",
        "id_lunghezza_vasca":1,
        "livello":"true",
        "_version_":1751349855778766851},
      {
        "piazzamento":0,
        "ordine":1,
        "lunghezza_vasca":"50m",
        "atleta":"MASCI FEDERICO",
        "corsia":3,
        "cognome":"MASCI",
        "luogo":"RICCIONE",
        "data_risultato":1435096800,
        "tempo_base":21465,
        "id_evento":11923,
        "id_categoria":"68",
        "id_societa":826,
        "turno":"Serie",
        "id_gara":301339,
        "update_time":"2018-11-04T13:57:37Z",
        "codice_fiscale":"MSCFRC75D11H501C",
        "descrizione_risultato":"Individuale",
        "sigla_categoria":"M40",
        "tempo_ufficiale":23932,
        "codice_gara":"52",
        "id_master_ris":"359067-826",
        "data_nascita":"1975-04-11T00:00:00Z",
        "denominazione":"Flaminio Sporting Club",
        "id":"359067",
        "id_tipo_cronometraggio":2,
        "descrizione_breve":"200 MI",
        "id_comitato":0,
        "tipo_cronometraggio":"Automatico",
        "lunghezza":"50",
        "straniero":"ITA",
        "id_cp":0,
        "categoria":"Master 40",
        "nome":"FEDERICO",
        "id_turno":1,
        "id_atleta":632277,
        "id_tipo_gara":17,
        "batteria":0,
        "cittadinanza":"ITA",
        "descrizione":"CAMPIONATI ITALIANI DI NUOTO MASTERS RICCIONE 2015",
        "id_tipo_risultato":1,
        "stagione":2014,
        "sesso":"M",
        "gara":"200 Misti",
        "sigla_comitato":"FIN",
        "id_lunghezza_vasca":2,
        "livello":"true",
        "_version_":1751349701517508611},
      {
        "piazzamento":0,
        "ordine":1,
        "lunghezza_vasca":"50m",
        "atleta":"MASCI FEDERICO",
        "corsia":0,
        "cognome":"MASCI",
        "luogo":"Roma",
        "data_risultato":1433628000,
        "tempo_base":44974,
        "id_evento":11920,
        "id_categoria":"68",
        "id_societa":826,
        "turno":"Serie",
        "id_gara":301938,
        "update_time":"2018-11-04T13:57:37Z",
        "codice_fiscale":"MSCFRC75D11H501C",
        "descrizione_risultato":"Individuale",
        "sigla_categoria":"M40",
        "tempo_ufficiale":55470,
        "codice_gara":"54",
        "id_master_ris":"351627-826",
        "data_nascita":"1975-04-11T00:00:00Z",
        "denominazione":"Flaminio Sporting Club",
        "id":"351627",
        "id_tipo_cronometraggio":2,
        "descrizione_breve":"400 MI",
        "id_comitato":0,
        "tipo_cronometraggio":"Automatico",
        "lunghezza":"50",
        "straniero":"ITA",
        "id_cp":0,
        "categoria":"Master 40",
        "nome":"FEDERICO",
        "id_turno":1,
        "id_atleta":632277,
        "id_tipo_gara":18,
        "batteria":0,
        "cittadinanza":"ITA",
        "descrizione":"1°Trofeo Roma nuoto Master",
        "id_tipo_risultato":1,
        "stagione":2014,
        "sesso":"M",
        "gara":"400 Misti",
        "sigla_comitato":"FIN",
        "id_lunghezza_vasca":2,
        "livello":"true",
        "_version_":1751349701577277441},
      {
        "piazzamento":0,
        "ordine":1,
        "lunghezza_vasca":"25m",
        "atleta":"MASCI FEDERICO",
        "corsia":0,
        "cognome":"MASCI",
        "luogo":"Roma",
        "data_risultato":1398463200,
        "tempo_base":20586,
        "id_evento":12023,
        "id_categoria":"66",
        "id_societa":826,
        "turno":"Serie",
        "id_gara":313073,
        "update_time":"2018-11-04T13:58:48Z",
        "codice_fiscale":"MSCFRC75D11H501C",
        "descrizione_risultato":"Individuale",
        "sigla_categoria":"M35",
        "tempo_ufficiale":23927,
        "codice_gara":"22",
        "id_master_ris":"446782-826",
        "data_nascita":"1975-04-11T00:00:00Z",
        "denominazione":"Flaminio Sporting Club",
        "id":"446782",
        "id_tipo_cronometraggio":2,
        "descrizione_breve":"200 DO",
        "id_comitato":0,
        "tipo_cronometraggio":"Automatico",
        "lunghezza":"25",
        "straniero":"ITA",
        "id_cp":0,
        "categoria":"Master 35",
        "nome":"FEDERICO",
        "id_turno":1,
        "id_atleta":632277,
        "id_tipo_gara":9,
        "batteria":0,
        "cittadinanza":"ITA",
        "descrizione":"2° Trofeo Aquaniene",
        "id_tipo_risultato":1,
        "stagione":2013,
        "sesso":"M",
        "gara":"200 Dorso",
        "sigla_comitato":"FIN",
        "id_lunghezza_vasca":1,
        "livello":"true",
        "_version_":1751349710280458241},
      {
        "piazzamento":0,
        "ordine":1,
        "lunghezza_vasca":"50m",
        "atleta":"MASCI FEDERICO",
        "corsia":0,
        "cognome":"MASCI",
        "luogo":"Roma",
        "data_risultato":1292108400,
        "tempo_base":21180,
        "id_evento":12775,
        "id_categoria":"66",
        "id_societa":561,
        "turno":"Serie",
        "id_gara":474766,
        "update_time":"2018-11-04T14:06:11Z",
        "codice_fiscale":"MSCFRC75D11H501C",
        "descrizione_risultato":"Individuale",
        "sigla_categoria":"M35",
        "tempo_ufficiale":24778,
        "codice_gara":"22",
        "id_master_ris":"722028-561",
        "data_nascita":"1975-04-11T00:00:00Z",
        "denominazione":"Effedue Group - Roma",
        "id":"722028",
        "id_tipo_cronometraggio":2,
        "descrizione_breve":"200 DO",
        "id_comitato":0,
        "tipo_cronometraggio":"Automatico",
        "lunghezza":"50",
        "straniero":"ITA",
        "id_cp":0,
        "categoria":"Master 35",
        "nome":"FEDERICO",
        "id_turno":1,
        "id_atleta":632277,
        "id_tipo_gara":9,
        "batteria":0,
        "cittadinanza":"ITA",
        "descrizione":"12? Memorial Grisanti",
        "id_tipo_risultato":1,
        "stagione":2010,
        "sesso":"M",
        "gara":"200 Dorso",
        "sigla_comitato":"FIN",
        "id_lunghezza_vasca":2,
        "livello":"true",
        "_version_":1751349812880474112},
      {
        "piazzamento":0,
        "ordine":1,
        "lunghezza_vasca":"50m",
        "atleta":"MASCI FEDERICO",
        "corsia":0,
        "cognome":"MASCI",
        "luogo":"Roma",
        "data_risultato":1292108400,
        "tempo_base":21395,
        "id_evento":12775,
        "id_categoria":"66",
        "id_societa":561,
        "turno":"Serie",
        "id_gara":496001,
        "update_time":"2018-11-04T14:06:11Z",
        "codice_fiscale":"MSCFRC75D11H501C",
        "descrizione_risultato":"Individuale",
        "sigla_categoria":"M35",
        "tempo_ufficiale":24314,
        "codice_gara":"52",
        "id_master_ris":"722025-561",
        "data_nascita":"1975-04-11T00:00:00Z",
        "denominazione":"Effedue Group - Roma",
        "id":"722025",
        "id_tipo_cronometraggio":2,
        "descrizione_breve":"200 MI",
        "id_comitato":0,
        "tipo_cronometraggio":"Automatico",
        "lunghezza":"50",
        "straniero":"ITA",
        "id_cp":0,
        "categoria":"Master 35",
        "nome":"FEDERICO",
        "id_turno":1,
        "id_atleta":632277,
        "id_tipo_gara":17,
        "batteria":0,
        "cittadinanza":"ITA",
        "descrizione":"12? Memorial Grisanti",
        "id_tipo_risultato":1,
        "stagione":2010,
        "sesso":"M",
        "gara":"200 Misti",
        "sigla_comitato":"FIN",
        "id_lunghezza_vasca":2,
        "livello":"true",
        "_version_":1751349813843066880},
      {
        "piazzamento":0,
        "ordine":1,
        "lunghezza_vasca":"50m",
        "atleta":"MASCI FEDERICO",
        "corsia":0,
        "cognome":"MASCI",
        "luogo":"OSTIA",
        "data_risultato":1308520800,
        "tempo_base":44695,
        "id_evento":12751,
        "id_categoria":"66",
        "id_societa":561,
        "turno":"Serie",
        "id_gara":497115,
        "update_time":"2018-11-04T14:06:11Z",
        "codice_fiscale":"MSCFRC75D11H501C",
        "descrizione_risultato":"Individuale",
        "sigla_categoria":"M35",
        "tempo_ufficiale":55212,
        "codice_gara":"54",
        "id_master_ris":"700682-561",
        "data_nascita":"1975-04-11T00:00:00Z",
        "denominazione":"Effedue Group - Roma",
        "id":"700682",
        "id_tipo_cronometraggio":2,
        "descrizione_breve":"400 MI",
        "id_comitato":0,
        "tipo_cronometraggio":"Automatico",
        "lunghezza":"50",
        "straniero":"ITA",
        "id_cp":0,
        "categoria":"Master 35",
        "nome":"FEDERICO",
        "id_turno":1,
        "id_atleta":632277,
        "id_tipo_gara":18,
        "batteria":0,
        "cittadinanza":"ITA",
        "descrizione":"CAMPIONATI ITALIANI MASTERS NUOTO 2011",
        "id_tipo_risultato":1,
        "stagione":2010,
        "sesso":"M",
        "gara":"400 Misti",
        "sigla_comitato":"FIN",
        "id_lunghezza_vasca":2,
        "livello":"true",
        "_version_":1751349813937438722},
      {
        "piazzamento":0,
        "ordine":1,
        "lunghezza_vasca":"25m",
        "atleta":"MASCI FEDERICO",
        "corsia":0,
        "cognome":"MASCI",
        "luogo":"Termoli",
        "data_risultato":1302386400,
        "tempo_base":5761,
        "id_evento":12823,
        "id_categoria":"66",
        "id_societa":561,
        "turno":"Serie",
        "id_gara":472458,
        "update_time":"2018-11-04T14:07:30Z",
        "codice_fiscale":"MSCFRC75D11H501C",
        "descrizione_risultato":"Individuale",
        "sigla_categoria":"M35",
        "tempo_ufficiale":11485,
        "codice_gara":"21",
        "id_master_ris":"768216-561",
        "data_nascita":"1975-04-11T00:00:00Z",
        "denominazione":"Effedue Group - Roma",
        "id":"768216",
        "id_tipo_cronometraggio":2,
        "descrizione_breve":"100 DO",
        "id_comitato":0,
        "tipo_cronometraggio":"Automatico",
        "lunghezza":"25",
        "straniero":"ITA",
        "id_cp":0,
        "categoria":"Master 35",
        "nome":"FEDERICO",
        "id_turno":1,
        "id_atleta":632277,
        "id_tipo_gara":8,
        "batteria":0,
        "cittadinanza":"ITA",
        "descrizione":"12° Coppa Città di Termoli",
        "id_tipo_risultato":1,
        "stagione":2010,
        "sesso":"M",
        "gara":"100 Dorso",
        "sigla_comitato":"FIN",
        "id_lunghezza_vasca":1,
        "livello":"true",
        "_version_":1751349821002743809},
      {
        "piazzamento":0,
        "ordine":1,
        "lunghezza_vasca":"25m",
        "atleta":"MASCI FEDERICO",
        "corsia":0,
        "cognome":"MASCI",
        "luogo":"Roma",
        "data_risultato":1301094000,
        "tempo_base":20629,
        "id_evento":12817,
        "id_categoria":"66",
        "id_societa":561,
        "turno":"Serie",
        "id_gara":474823,
        "update_time":"2018-11-04T14:07:30Z",
        "codice_fiscale":"MSCFRC75D11H501C",
        "descrizione_risultato":"Individuale",
        "sigla_categoria":"M35",
        "tempo_ufficiale":23994,
        "codice_gara":"22",
        "id_master_ris":"763240-561",
        "data_nascita":"1975-04-11T00:00:00Z",
        "denominazione":"Effedue Group - Roma",
        "id":"763240",
        "id_tipo_cronometraggio":2,
        "descrizione_breve":"200 DO",
        "id_comitato":0,
        "tipo_cronometraggio":"Automatico",
        "lunghezza":"25",
        "straniero":"ITA",
        "id_cp":0,
        "categoria":"Master 35",
        "nome":"FEDERICO",
        "id_turno":1,
        "id_atleta":632277,
        "id_tipo_gara":9,
        "batteria":0,
        "cittadinanza":"ITA",
        "descrizione":"3° Trofeo Nantes Ostiensis",
        "id_tipo_risultato":1,
        "stagione":2010,
        "sesso":"M",
        "gara":"200 Dorso",
        "sigla_comitato":"FIN",
        "id_lunghezza_vasca":1,
        "livello":"true",
        "_version_":1751349821145350144},
      {
        "piazzamento":0,
        "ordine":1,
        "lunghezza_vasca":"25m",
        "atleta":"MASCI FEDERICO",
        "corsia":0,
        "cognome":"MASCI",
        "luogo":"L`Aquila",
        "data_risultato":1299366000,
        "tempo_base":5802,
        "id_evento":12806,
        "id_categoria":"66",
        "id_societa":561,
        "turno":"Serie",
        "id_gara":494324,
        "update_time":"2018-11-04T14:07:30Z",
        "codice_fiscale":"MSCFRC75D11H501C",
        "descrizione_risultato":"Individuale",
        "sigla_categoria":"M35",
        "tempo_ufficiale":11214,
        "codice_gara":"51",
        "id_master_ris":"754305-561",
        "data_nascita":"1975-04-11T00:00:00Z",
        "denominazione":"Effedue Group - Roma",
        "id":"754305",
        "id_tipo_cronometraggio":2,
        "descrizione_breve":"100 MI",
        "id_comitato":0,
        "tipo_cronometraggio":"Automatico",
        "lunghezza":"25",
        "straniero":"ITA",
        "id_cp":0,
        "categoria":"Master 35",
        "nome":"FEDERICO",
        "id_turno":1,
        "id_atleta":632277,
        "id_tipo_gara":16,
        "batteria":0,
        "cittadinanza":"ITA",
        "descrizione":"9° Coppa Immota Manet",
        "id_tipo_risultato":1,
        "stagione":2010,
        "sesso":"M",
        "gara":"100 Misti",
        "sigla_comitato":"FIN",
        "id_lunghezza_vasca":1,
        "livello":"true",
        "_version_":1751349823545540608},
      {
        "piazzamento":0,
        "ordine":1,
        "lunghezza_vasca":"25m",
        "atleta":"MASCI FEDERICO",
        "corsia":0,
        "cognome":"MASCI",
        "luogo":"Termoli",
        "data_risultato":1302386400,
        "tempo_base":5802,
        "id_evento":12823,
        "id_categoria":"66",
        "id_societa":561,
        "turno":"Serie",
        "id_gara":494340,
        "update_time":"2018-11-04T14:07:30Z",
        "codice_fiscale":"MSCFRC75D11H501C",
        "descrizione_risultato":"Individuale",
        "sigla_categoria":"M35",
        "tempo_ufficiale":11357,
        "codice_gara":"51",
        "id_master_ris":"768215-561",
        "data_nascita":"1975-04-11T00:00:00Z",
        "denominazione":"Effedue Group - Roma",
        "id":"768215",
        "id_tipo_cronometraggio":2,
        "descrizione_breve":"100 MI",
        "id_comitato":0,
        "tipo_cronometraggio":"Automatico",
        "lunghezza":"25",
        "straniero":"ITA",
        "id_cp":0,
        "categoria":"Master 35",
        "nome":"FEDERICO",
        "id_turno":1,
        "id_atleta":632277,
        "id_tipo_gara":16,
        "batteria":0,
        "cittadinanza":"ITA",
        "descrizione":"12° Coppa Città di Termoli",
        "id_tipo_risultato":1,
        "stagione":2010,
        "sesso":"M",
        "gara":"100 Misti",
        "sigla_comitato":"FIN",
        "id_lunghezza_vasca":1,
        "livello":"true",
        "_version_":1751349823545540609},
      {
        "piazzamento":0,
        "ordine":1,
        "lunghezza_vasca":"25m",
        "atleta":"MASCI FEDERICO",
        "corsia":0,
        "cognome":"MASCI",
        "luogo":"L`Aquila",
        "data_risultato":1299366000,
        "tempo_base":20739,
        "id_evento":12806,
        "id_categoria":"66",
        "id_societa":561,
        "turno":"Serie",
        "id_gara":496049,
        "update_time":"2018-11-04T14:07:30Z",
        "codice_fiscale":"MSCFRC75D11H501C",
        "descrizione_risultato":"Individuale",
        "sigla_categoria":"M35",
        "tempo_ufficiale":23884,
        "codice_gara":"52",
        "id_master_ris":"754304-561",
        "data_nascita":"1975-04-11T00:00:00Z",
        "denominazione":"Effedue Group - Roma",
        "id":"754304",
        "id_tipo_cronometraggio":2,
        "descrizione_breve":"200 MI",
        "id_comitato":0,
        "tipo_cronometraggio":"Automatico",
        "lunghezza":"25",
        "straniero":"ITA",
        "id_cp":0,
        "categoria":"Master 35",
        "nome":"FEDERICO",
        "id_turno":1,
        "id_atleta":632277,
        "id_tipo_gara":17,
        "batteria":0,
        "cittadinanza":"ITA",
        "descrizione":"9° Coppa Immota Manet",
        "id_tipo_risultato":1,
        "stagione":2010,
        "sesso":"M",
        "gara":"200 Misti",
        "sigla_comitato":"FIN",
        "id_lunghezza_vasca":1,
        "livello":"true",
        "_version_":1751349823868502017}]
  }}
