{
  "responseHeader":{
    "status":0,
    "QTime":0,
    "params":{
      "q":"*:*",
      "start":"120",
      "fq":["cognome: masci",
        "nome: federico"],
      "rows":"40"}},
  "response":{"numFound":238,"start":120,"docs":[
      {
        "piazzamento":0,
        "ordine":1,
        "lunghezza_vasca":"50m",
        "atleta":"MASCI FEDERICO",
        "corsia":0,
        "cognome":"MASCI",
        "luogo":"Roma",
        "data_risultato":1369432800,
        "tempo_base":5665,
        "id_evento":12626,
        "id_categoria":"66",
        "id_societa":826,
        "turno":"Serie",
        "id_gara":384334,
        "update_time":"2018-11-04T14:02:24Z",
        "codice_fiscale":"MSCFRC75D11H501C",
        "descrizione_risultato":"Individuale",
        "sigla_categoria":"M35",
        "tempo_ufficiale":11349,
        "codice_gara":"41",
        "id_master_ris":"574938-826",
        "data_nascita":"1975-04-11T00:00:00Z",
        "denominazione":"Flaminio Sporting Club",
        "id":"574938",
        "id_tipo_cronometraggio":2,
        "descrizione_breve":"100 FA",
        "id_comitato":0,
        "tipo_cronometraggio":"Automatico",
        "lunghezza":"50",
        "straniero":"ITA",
        "id_cp":0,
        "categoria":"Master 35",
        "nome":"FEDERICO",
        "id_turno":1,
        "id_atleta":632277,
        "id_tipo_gara":14,
        "batteria":0,
        "cittadinanza":"ITA",
        "descrizione":"13° Meeting Flaminio SC",
        "id_tipo_risultato":1,
        "stagione":2012,
        "sesso":"M",
        "gara":"100 Farfalla",
        "sigla_comitato":"FIN",
        "id_lunghezza_vasca":2,
        "livello":"true",
        "_version_":1751349765329649664},
      {
        "piazzamento":0,
        "ordine":1,
        "lunghezza_vasca":"50m",
        "atleta":"MASCI FEDERICO",
        "corsia":0,
        "cognome":"MASCI",
        "luogo":"Città di Castello",
        "data_risultato":1370642400,
        "tempo_base":21332,
        "id_evento":12632,
        "id_categoria":"66",
        "id_societa":826,
        "turno":"Serie",
        "id_gara":389605,
        "update_time":"2018-11-04T14:02:24Z",
        "codice_fiscale":"MSCFRC75D11H501C",
        "descrizione_risultato":"Individuale",
        "sigla_categoria":"M35",
        "tempo_ufficiale":23643,
        "codice_gara":"52",
        "id_master_ris":"579501-826",
        "data_nascita":"1975-04-11T00:00:00Z",
        "denominazione":"Flaminio Sporting Club",
        "id":"579501",
        "id_tipo_cronometraggio":2,
        "descrizione_breve":"200 MI",
        "id_comitato":0,
        "tipo_cronometraggio":"Automatico",
        "lunghezza":"50",
        "straniero":"ITA",
        "id_cp":0,
        "categoria":"Master 35",
        "nome":"FEDERICO",
        "id_turno":1,
        "id_atleta":632277,
        "id_tipo_gara":17,
        "batteria":0,
        "cittadinanza":"ITA",
        "descrizione":"28° Trofeo Galluzzi",
        "id_tipo_risultato":1,
        "stagione":2012,
        "sesso":"M",
        "gara":"200 Misti",
        "sigla_comitato":"FIN",
        "id_lunghezza_vasca":2,
        "livello":"true",
        "_version_":1751349765524684800},
      {
        "piazzamento":0,
        "ordine":1,
        "lunghezza_vasca":"50m",
        "atleta":"MASCI FEDERICO",
        "corsia":8,
        "cognome":"MASCI",
        "luogo":"TRIESTE",
        "data_risultato":1372716000,
        "tempo_base":21332,
        "id_evento":12636,
        "id_categoria":"66",
        "id_societa":826,
        "turno":"Serie",
        "id_gara":389614,
        "update_time":"2018-11-04T14:02:24Z",
        "codice_fiscale":"MSCFRC75D11H501C",
        "descrizione_risultato":"Individuale",
        "sigla_categoria":"M35",
        "tempo_ufficiale":23750,
        "codice_gara":"52",
        "id_master_ris":"586222-826",
        "data_nascita":"1975-04-11T00:00:00Z",
        "denominazione":"Flaminio Sporting Club",
        "id":"586222",
        "id_tipo_cronometraggio":2,
        "descrizione_breve":"200 MI",
        "id_comitato":0,
        "tipo_cronometraggio":"Automatico",
        "lunghezza":"50",
        "straniero":"ITA",
        "id_cp":0,
        "categoria":"Master 35",
        "nome":"FEDERICO",
        "id_turno":1,
        "id_atleta":632277,
        "id_tipo_gara":17,
        "batteria":219,
        "cittadinanza":"ITA",
        "descrizione":"CAMPIONATI ITALIANI DI NUOTO MASTERS 2013",
        "id_tipo_risultato":1,
        "stagione":2012,
        "sesso":"M",
        "gara":"200 Misti",
        "sigla_comitato":"FIN",
        "id_lunghezza_vasca":2,
        "livello":"true",
        "_version_":1751349765524684802},
      {
        "piazzamento":0,
        "ordine":1,
        "lunghezza_vasca":"50m",
        "atleta":"MASCI FEDERICO",
        "corsia":0,
        "cognome":"MASCI",
        "luogo":"Roma",
        "data_risultato":1369432800,
        "tempo_base":44693,
        "id_evento":12626,
        "id_categoria":"66",
        "id_societa":826,
        "turno":"Serie",
        "id_gara":391073,
        "update_time":"2018-11-04T14:02:24Z",
        "codice_fiscale":"MSCFRC75D11H501C",
        "descrizione_risultato":"Individuale",
        "sigla_categoria":"M35",
        "tempo_ufficiale":54336,
        "codice_gara":"54",
        "id_master_ris":"575381-826",
        "data_nascita":"1975-04-11T00:00:00Z",
        "denominazione":"Flaminio Sporting Club",
        "id":"575381",
        "id_tipo_cronometraggio":2,
        "descrizione_breve":"400 MI",
        "id_comitato":0,
        "tipo_cronometraggio":"Automatico",
        "lunghezza":"50",
        "straniero":"ITA",
        "id_cp":0,
        "categoria":"Master 35",
        "nome":"FEDERICO",
        "id_turno":1,
        "id_atleta":632277,
        "id_tipo_gara":18,
        "batteria":0,
        "cittadinanza":"ITA",
        "descrizione":"13° Meeting Flaminio SC",
        "id_tipo_risultato":1,
        "stagione":2012,
        "sesso":"M",
        "gara":"400 Misti",
        "sigla_comitato":"FIN",
        "id_lunghezza_vasca":2,
        "livello":"true",
        "_version_":1751349765685116930},
      {
        "piazzamento":0,
        "ordine":1,
        "lunghezza_vasca":"50m",
        "atleta":"MASCI FEDERICO",
        "corsia":6,
        "cognome":"MASCI",
        "luogo":"TRIESTE",
        "data_risultato":1372716000,
        "tempo_base":44693,
        "id_evento":12636,
        "id_categoria":"66",
        "id_societa":826,
        "turno":"Serie",
        "id_gara":391082,
        "update_time":"2018-11-04T14:02:24Z",
        "codice_fiscale":"MSCFRC75D11H501C",
        "descrizione_risultato":"Individuale",
        "sigla_categoria":"M35",
        "tempo_ufficiale":53779,
        "codice_gara":"54",
        "id_master_ris":"586221-826",
        "data_nascita":"1975-04-11T00:00:00Z",
        "denominazione":"Flaminio Sporting Club",
        "id":"586221",
        "id_tipo_cronometraggio":2,
        "descrizione_breve":"400 MI",
        "id_comitato":0,
        "tipo_cronometraggio":"Automatico",
        "lunghezza":"50",
        "straniero":"ITA",
        "id_cp":0,
        "categoria":"Master 35",
        "nome":"FEDERICO",
        "id_turno":1,
        "id_atleta":632277,
        "id_tipo_gara":18,
        "batteria":215,
        "cittadinanza":"ITA",
        "descrizione":"CAMPIONATI ITALIANI DI NUOTO MASTERS 2013",
        "id_tipo_risultato":1,
        "stagione":2012,
        "sesso":"M",
        "gara":"400 Misti",
        "sigla_comitato":"FIN",
        "id_lunghezza_vasca":2,
        "livello":"true",
        "_version_":1751349765686165506},
      {
        "piazzamento":0,
        "ordine":1,
        "lunghezza_vasca":"25m",
        "atleta":"MASCI FEDERICO",
        "corsia":0,
        "cognome":"MASCI",
        "luogo":"Roma",
        "data_risultato":1333144800,
        "tempo_base":2656,
        "id_evento":12685,
        "id_categoria":"66",
        "id_societa":712,
        "turno":"Serie",
        "id_gara":426504,
        "update_time":"2018-11-04T14:03:38Z",
        "codice_fiscale":"MSCFRC75D11H501C",
        "descrizione_risultato":"Individuale",
        "sigla_categoria":"M35",
        "tempo_ufficiale":3329,
        "codice_gara":"20",
        "id_master_ris":"635271-712",
        "data_nascita":"1975-04-11T00:00:00Z",
        "denominazione":"Rari Nantes Bel Poggio ss",
        "id":"635271",
        "id_tipo_cronometraggio":2,
        "descrizione_breve":"50 DO",
        "id_comitato":0,
        "tipo_cronometraggio":"Automatico",
        "lunghezza":"25",
        "straniero":"ITA",
        "id_cp":0,
        "categoria":"Master 35",
        "nome":"FEDERICO",
        "id_turno":1,
        "id_atleta":632277,
        "id_tipo_gara":7,
        "batteria":0,
        "cittadinanza":"ITA",
        "descrizione":"3° Trofeo Nantes Ostiensis",
        "id_tipo_risultato":1,
        "stagione":2011,
        "sesso":"M",
        "gara":"50 Dorso",
        "sigla_comitato":"FIN",
        "id_lunghezza_vasca":1,
        "livello":"true",
        "_version_":1751349773807386624},
      {
        "piazzamento":0,
        "ordine":1,
        "lunghezza_vasca":"25m",
        "atleta":"MASCI FEDERICO",
        "corsia":0,
        "cognome":"MASCI",
        "luogo":"Viterbo",
        "data_risultato":1327705200,
        "tempo_base":20628,
        "id_evento":12656,
        "id_categoria":"66",
        "id_societa":712,
        "turno":"Serie",
        "id_gara":428706,
        "update_time":"2018-11-04T14:03:38Z",
        "codice_fiscale":"MSCFRC75D11H501C",
        "descrizione_risultato":"Individuale",
        "sigla_categoria":"M35",
        "tempo_ufficiale":23766,
        "codice_gara":"22",
        "id_master_ris":"607213-712",
        "data_nascita":"1975-04-11T00:00:00Z",
        "denominazione":"Rari Nantes Bel Poggio ss",
        "id":"607213",
        "id_tipo_cronometraggio":2,
        "descrizione_breve":"200 DO",
        "id_comitato":0,
        "tipo_cronometraggio":"Automatico",
        "lunghezza":"25",
        "straniero":"ITA",
        "id_cp":0,
        "categoria":"Master 35",
        "nome":"FEDERICO",
        "id_turno":1,
        "id_atleta":632277,
        "id_tipo_gara":9,
        "batteria":0,
        "cittadinanza":"ITA",
        "descrizione":"10° Trofeo Larus Master",
        "id_tipo_risultato":1,
        "stagione":2011,
        "sesso":"M",
        "gara":"200 Dorso",
        "sigla_comitato":"FIN",
        "id_lunghezza_vasca":1,
        "livello":"true",
        "_version_":1751349774545584128},
      {
        "piazzamento":0,
        "ordine":1,
        "lunghezza_vasca":"25m",
        "atleta":"MASCI FEDERICO",
        "corsia":0,
        "cognome":"MASCI",
        "luogo":"Gualdo Tadino",
        "data_risultato":1334959200,
        "tempo_base":20628,
        "id_evento":12693,
        "id_categoria":"66",
        "id_societa":712,
        "turno":"Serie",
        "id_gara":428723,
        "update_time":"2018-11-04T14:03:38Z",
        "codice_fiscale":"MSCFRC75D11H501C",
        "descrizione_risultato":"Individuale",
        "sigla_categoria":"M35",
        "tempo_ufficiale":23736,
        "codice_gara":"22",
        "id_master_ris":"642615-712",
        "data_nascita":"1975-04-11T00:00:00Z",
        "denominazione":"Rari Nantes Bel Poggio ss",
        "id":"642615",
        "id_tipo_cronometraggio":2,
        "descrizione_breve":"200 DO",
        "id_comitato":0,
        "tipo_cronometraggio":"Automatico",
        "lunghezza":"25",
        "straniero":"ITA",
        "id_cp":0,
        "categoria":"Master 35",
        "nome":"FEDERICO",
        "id_turno":1,
        "id_atleta":632277,
        "id_tipo_gara":9,
        "batteria":0,
        "cittadinanza":"ITA",
        "descrizione":"5° Trofeo R. Pinacoli",
        "id_tipo_risultato":1,
        "stagione":2011,
        "sesso":"M",
        "gara":"200 Dorso",
        "sigla_comitato":"FIN",
        "id_lunghezza_vasca":1,
        "livello":"true",
        "_version_":1751349774545584129},
      {
        "piazzamento":0,
        "ordine":1,
        "lunghezza_vasca":"25m",
        "atleta":"MASCI FEDERICO",
        "corsia":0,
        "cognome":"MASCI",
        "luogo":"Roma",
        "data_risultato":1333144800,
        "tempo_base":10324,
        "id_evento":12685,
        "id_categoria":"66",
        "id_societa":712,
        "turno":"Serie",
        "id_gara":431650,
        "update_time":"2018-11-04T14:03:38Z",
        "codice_fiscale":"MSCFRC75D11H501C",
        "descrizione_risultato":"Individuale",
        "sigla_categoria":"M35",
        "tempo_ufficiale":12236,
        "codice_gara":"31",
        "id_master_ris":"634759-712",
        "data_nascita":"1975-04-11T00:00:00Z",
        "denominazione":"Rari Nantes Bel Poggio ss",
        "id":"634759",
        "id_tipo_cronometraggio":2,
        "descrizione_breve":"100 RA",
        "id_comitato":0,
        "tipo_cronometraggio":"Automatico",
        "lunghezza":"25",
        "straniero":"ITA",
        "id_cp":0,
        "categoria":"Master 35",
        "nome":"FEDERICO",
        "id_turno":1,
        "id_atleta":632277,
        "id_tipo_gara":11,
        "batteria":0,
        "cittadinanza":"ITA",
        "descrizione":"3° Trofeo Nantes Ostiensis",
        "id_tipo_risultato":1,
        "stagione":2011,
        "sesso":"M",
        "gara":"100 Rana",
        "sigla_comitato":"FIN",
        "id_lunghezza_vasca":1,
        "livello":"true",
        "_version_":1751349776003104768},
      {
        "piazzamento":0,
        "ordine":1,
        "lunghezza_vasca":"25m",
        "atleta":"MASCI FEDERICO",
        "corsia":0,
        "cognome":"MASCI",
        "luogo":"Viterbo",
        "data_risultato":1327705200,
        "tempo_base":20739,
        "id_evento":12656,
        "id_categoria":"66",
        "id_societa":712,
        "turno":"Serie",
        "id_gara":439444,
        "update_time":"2018-11-04T14:03:38Z",
        "codice_fiscale":"MSCFRC75D11H501C",
        "descrizione_risultato":"Individuale",
        "sigla_categoria":"M35",
        "tempo_ufficiale":23559,
        "codice_gara":"52",
        "id_master_ris":"607212-712",
        "data_nascita":"1975-04-11T00:00:00Z",
        "denominazione":"Rari Nantes Bel Poggio ss",
        "id":"607212",
        "id_tipo_cronometraggio":2,
        "descrizione_breve":"200 MI",
        "id_comitato":0,
        "tipo_cronometraggio":"Automatico",
        "lunghezza":"25",
        "straniero":"ITA",
        "id_cp":0,
        "categoria":"Master 35",
        "nome":"FEDERICO",
        "id_turno":1,
        "id_atleta":632277,
        "id_tipo_gara":17,
        "batteria":0,
        "cittadinanza":"ITA",
        "descrizione":"10° Trofeo Larus Master",
        "id_tipo_risultato":1,
        "stagione":2011,
        "sesso":"M",
        "gara":"200 Misti",
        "sigla_comitato":"FIN",
        "id_lunghezza_vasca":1,
        "livello":"true",
        "_version_":1751349778584698880},
      {
        "piazzamento":0,
        "ordine":1,
        "lunghezza_vasca":"25m",
        "atleta":"MASCI FEDERICO",
        "corsia":0,
        "cognome":"MASCI",
        "luogo":"Gualdo Tadino",
        "data_risultato":1334959200,
        "tempo_base":20739,
        "id_evento":12693,
        "id_categoria":"66",
        "id_societa":712,
        "turno":"Serie",
        "id_gara":439544,
        "update_time":"2018-11-04T14:03:38Z",
        "codice_fiscale":"MSCFRC75D11H501C",
        "descrizione_risultato":"Individuale",
        "sigla_categoria":"M35",
        "tempo_ufficiale":23772,
        "codice_gara":"52",
        "id_master_ris":"642614-712",
        "data_nascita":"1975-04-11T00:00:00Z",
        "denominazione":"Rari Nantes Bel Poggio ss",
        "id":"642614",
        "id_tipo_cronometraggio":2,
        "descrizione_breve":"200 MI",
        "id_comitato":0,
        "tipo_cronometraggio":"Automatico",
        "lunghezza":"25",
        "straniero":"ITA",
        "id_cp":0,
        "categoria":"Master 35",
        "nome":"FEDERICO",
        "id_turno":1,
        "id_atleta":632277,
        "id_tipo_gara":17,
        "batteria":0,
        "cittadinanza":"ITA",
        "descrizione":"5° Trofeo R. Pinacoli",
        "id_tipo_risultato":1,
        "stagione":2011,
        "sesso":"M",
        "gara":"200 Misti",
        "sigla_comitato":"FIN",
        "id_lunghezza_vasca":1,
        "livello":"true",
        "_version_":1751349778584698881},
      {
        "piazzamento":0,
        "ordine":1,
        "lunghezza_vasca":"50m",
        "atleta":"MASCI FEDERICO",
        "corsia":0,
        "cognome":"MASCI",
        "luogo":"Roma",
        "data_risultato":1274479200,
        "tempo_base":15284,
        "id_evento":13252,
        "id_categoria":"66",
        "id_societa":561,
        "turno":"Serie",
        "id_gara":534027,
        "update_time":"2018-11-04T14:10:15Z",
        "codice_fiscale":"MSCFRC75D11H501C",
        "descrizione_risultato":"Individuale",
        "sigla_categoria":"M35",
        "tempo_ufficiale":22880,
        "codice_gara":"02",
        "id_master_ris":"883531-561",
        "data_nascita":"1975-04-11T00:00:00Z",
        "denominazione":"Effedue Group - Roma",
        "id":"883531",
        "id_tipo_cronometraggio":2,
        "descrizione_breve":"200 SL",
        "id_comitato":0,
        "tipo_cronometraggio":"Automatico",
        "lunghezza":"50",
        "straniero":"ITA",
        "id_cp":0,
        "categoria":"Master 35",
        "nome":"FEDERICO",
        "id_turno":1,
        "id_atleta":632277,
        "id_tipo_gara":3,
        "batteria":0,
        "cittadinanza":"ITA",
        "descrizione":"7° Meeting Flaminio",
        "id_tipo_risultato":1,
        "stagione":2009,
        "sesso":"M",
        "gara":"200 Stile Libero",
        "sigla_comitato":"FIN",
        "id_lunghezza_vasca":2,
        "livello":"true",
        "_version_":1751349858795520002},
      {
        "piazzamento":0,
        "ordine":1,
        "lunghezza_vasca":"50m",
        "atleta":"MASCI FEDERICO",
        "corsia":0,
        "cognome":"MASCI",
        "luogo":"Roma",
        "data_risultato":1274479200,
        "tempo_base":20926,
        "id_evento":13252,
        "id_categoria":"66",
        "id_societa":561,
        "turno":"Serie",
        "id_gara":538908,
        "update_time":"2018-11-04T14:10:15Z",
        "codice_fiscale":"MSCFRC75D11H501C",
        "descrizione_risultato":"Individuale",
        "sigla_categoria":"M35",
        "tempo_ufficiale":24288,
        "codice_gara":"22",
        "id_master_ris":"883533-561",
        "data_nascita":"1975-04-11T00:00:00Z",
        "denominazione":"Effedue Group - Roma",
        "id":"883533",
        "id_tipo_cronometraggio":2,
        "descrizione_breve":"200 DO",
        "id_comitato":0,
        "tipo_cronometraggio":"Automatico",
        "lunghezza":"50",
        "straniero":"ITA",
        "id_cp":0,
        "categoria":"Master 35",
        "nome":"FEDERICO",
        "id_turno":1,
        "id_atleta":632277,
        "id_tipo_gara":9,
        "batteria":0,
        "cittadinanza":"ITA",
        "descrizione":"7° Meeting Flaminio",
        "id_tipo_risultato":1,
        "stagione":2009,
        "sesso":"M",
        "gara":"200 Dorso",
        "sigla_comitato":"FIN",
        "id_lunghezza_vasca":2,
        "livello":"true",
        "_version_":1751349859765452801},
      {
        "piazzamento":0,
        "ordine":1,
        "lunghezza_vasca":"50m",
        "atleta":"MASCI FEDERICO",
        "corsia":0,
        "cognome":"MASCI",
        "luogo":"Pescara",
        "data_risultato":1275688800,
        "tempo_base":20819,
        "id_evento":13261,
        "id_categoria":"66",
        "id_societa":561,
        "turno":"Serie",
        "id_gara":546383,
        "update_time":"2018-11-04T14:10:15Z",
        "codice_fiscale":"MSCFRC75D11H501C",
        "descrizione_risultato":"Individuale",
        "sigla_categoria":"M35",
        "tempo_ufficiale":24309,
        "codice_gara":"52",
        "id_master_ris":"890294-561",
        "data_nascita":"1975-04-11T00:00:00Z",
        "denominazione":"Effedue Group - Roma",
        "id":"890294",
        "id_tipo_cronometraggio":2,
        "descrizione_breve":"200 MI",
        "id_comitato":0,
        "tipo_cronometraggio":"Automatico",
        "lunghezza":"50",
        "straniero":"ITA",
        "id_cp":0,
        "categoria":"Master 35",
        "nome":"FEDERICO",
        "id_turno":1,
        "id_atleta":632277,
        "id_tipo_gara":17,
        "batteria":0,
        "cittadinanza":"ITA",
        "descrizione":"7° Trofeo Abruzzo Master",
        "id_tipo_risultato":1,
        "stagione":2009,
        "sesso":"M",
        "gara":"200 Misti",
        "sigla_comitato":"FIN",
        "id_lunghezza_vasca":2,
        "livello":"true",
        "_version_":1751349861006966786},
      {
        "piazzamento":0,
        "ordine":1,
        "lunghezza_vasca":"50m",
        "atleta":"MASCI FEDERICO",
        "corsia":0,
        "cognome":"MASCI",
        "luogo":"Pescara",
        "data_risultato":1275688800,
        "tempo_base":44245,
        "id_evento":13261,
        "id_categoria":"66",
        "id_societa":561,
        "turno":"Serie",
        "id_gara":546868,
        "update_time":"2018-11-04T14:10:15Z",
        "codice_fiscale":"MSCFRC75D11H501C",
        "descrizione_risultato":"Individuale",
        "sigla_categoria":"M35",
        "tempo_ufficiale":54983,
        "codice_gara":"54",
        "id_master_ris":"890295-561",
        "data_nascita":"1975-04-11T00:00:00Z",
        "denominazione":"Effedue Group - Roma",
        "id":"890295",
        "id_tipo_cronometraggio":2,
        "descrizione_breve":"400 MI",
        "id_comitato":0,
        "tipo_cronometraggio":"Automatico",
        "lunghezza":"50",
        "straniero":"ITA",
        "id_cp":0,
        "categoria":"Master 35",
        "nome":"FEDERICO",
        "id_turno":1,
        "id_atleta":632277,
        "id_tipo_gara":18,
        "batteria":0,
        "cittadinanza":"ITA",
        "descrizione":"7° Trofeo Abruzzo Master",
        "id_tipo_risultato":1,
        "stagione":2009,
        "sesso":"M",
        "gara":"400 Misti",
        "sigla_comitato":"FIN",
        "id_lunghezza_vasca":2,
        "livello":"true",
        "_version_":1751349861107630081},
      {
        "piazzamento":0,
        "ordine":1,
        "lunghezza_vasca":"25m",
        "atleta":"MASCI FEDERICO",
        "corsia":0,
        "cognome":"MASCI",
        "luogo":"Roma",
        "data_risultato":1238194800,
        "tempo_base":2276,
        "id_evento":28734,
        "id_categoria":"64",
        "id_societa":2469,
        "turno":"Serie",
        "id_gara":548042,
        "update_time":"2018-11-04T14:11:37Z",
        "codice_fiscale":"MSCFRC75D11H501C",
        "descrizione_risultato":"Individuale",
        "sigla_categoria":"M30",
        "tempo_ufficiale":2917,
        "codice_gara":"00",
        "id_master_ris":"947520-2469",
        "data_nascita":"1975-04-11T00:00:00Z",
        "denominazione":"Asd New Green Hill",
        "id":"947520",
        "id_tipo_cronometraggio":2,
        "descrizione_breve":"50 SL",
        "id_comitato":0,
        "tipo_cronometraggio":"Automatico",
        "lunghezza":"25",
        "straniero":"ITA",
        "id_cp":0,
        "categoria":"Master 30",
        "nome":"FEDERICO",
        "id_turno":1,
        "id_atleta":632277,
        "id_tipo_gara":1,
        "batteria":0,
        "cittadinanza":"ITA",
        "descrizione":"2° Trofeo Nantes Ostiensis",
        "id_tipo_risultato":1,
        "stagione":2008,
        "sesso":"M",
        "gara":"50 Stile Libero",
        "sigla_comitato":"FIN",
        "id_lunghezza_vasca":1,
        "livello":"true",
        "_version_":1751349864944369665},
      {
        "piazzamento":0,
        "ordine":1,
        "lunghezza_vasca":"25m",
        "atleta":"MASCI FEDERICO",
        "corsia":0,
        "cognome":"MASCI",
        "luogo":"L`Aquila",
        "data_risultato":1236466800,
        "tempo_base":5024,
        "id_evento":28720,
        "id_categoria":"64",
        "id_societa":2469,
        "turno":"Serie",
        "id_gara":549564,
        "update_time":"2018-11-04T14:11:37Z",
        "codice_fiscale":"MSCFRC75D11H501C",
        "descrizione_risultato":"Individuale",
        "sigla_categoria":"M30",
        "tempo_ufficiale":10264,
        "codice_gara":"01",
        "id_master_ris":"941222-2469",
        "data_nascita":"1975-04-11T00:00:00Z",
        "denominazione":"Asd New Green Hill",
        "id":"941222",
        "id_tipo_cronometraggio":2,
        "descrizione_breve":"100 SL",
        "id_comitato":0,
        "tipo_cronometraggio":"Automatico",
        "lunghezza":"25",
        "straniero":"ITA",
        "id_cp":0,
        "categoria":"Master 30",
        "nome":"FEDERICO",
        "id_turno":1,
        "id_atleta":632277,
        "id_tipo_gara":2,
        "batteria":0,
        "cittadinanza":"ITA",
        "descrizione":"8° Coppa Immota Manet",
        "id_tipo_risultato":1,
        "stagione":2008,
        "sesso":"M",
        "gara":"100 Stile Libero",
        "sigla_comitato":"FIN",
        "id_lunghezza_vasca":1,
        "livello":"true",
        "_version_":1751349866383015938},
      {
        "piazzamento":0,
        "ordine":1,
        "lunghezza_vasca":"25m",
        "atleta":"MASCI FEDERICO",
        "corsia":0,
        "cognome":"MASCI",
        "luogo":"Firenze",
        "data_risultato":1236466800,
        "tempo_base":15091,
        "id_evento":28724,
        "id_categoria":"64",
        "id_societa":2469,
        "turno":"Serie",
        "id_gara":550728,
        "update_time":"2018-11-04T14:11:37Z",
        "codice_fiscale":"MSCFRC75D11H501C",
        "descrizione_risultato":"Individuale",
        "sigla_categoria":"M30",
        "tempo_ufficiale":21988,
        "codice_gara":"02",
        "id_master_ris":"943212-2469",
        "data_nascita":"1975-04-11T00:00:00Z",
        "denominazione":"Asd New Green Hill",
        "id":"943212",
        "id_tipo_cronometraggio":2,
        "descrizione_breve":"200 SL",
        "id_comitato":0,
        "tipo_cronometraggio":"Automatico",
        "lunghezza":"25",
        "straniero":"ITA",
        "id_cp":0,
        "categoria":"Master 30",
        "nome":"FEDERICO",
        "id_turno":1,
        "id_atleta":632277,
        "id_tipo_gara":3,
        "batteria":0,
        "cittadinanza":"ITA",
        "descrizione":"16° Meeting Città di Firenze",
        "id_tipo_risultato":1,
        "stagione":2008,
        "sesso":"M",
        "gara":"200 Stile Libero",
        "sigla_comitato":"FIN",
        "id_lunghezza_vasca":1,
        "livello":"true",
        "_version_":1751349867214536706},
      {
        "piazzamento":0,
        "ordine":1,
        "lunghezza_vasca":"25m",
        "atleta":"MASCI FEDERICO",
        "corsia":0,
        "cognome":"MASCI",
        "luogo":"Roma",
        "data_risultato":1231628400,
        "tempo_base":2830,
        "id_evento":28670,
        "id_categoria":"64",
        "id_societa":2469,
        "turno":"Serie",
        "id_gara":556620,
        "update_time":"2018-11-04T14:11:37Z",
        "codice_fiscale":"MSCFRC75D11H501C",
        "descrizione_risultato":"Individuale",
        "sigla_categoria":"M30",
        "tempo_ufficiale":3848,
        "codice_gara":"30",
        "id_master_ris":"917669-2469",
        "data_nascita":"1975-04-11T00:00:00Z",
        "denominazione":"Asd New Green Hill",
        "id":"917669",
        "id_tipo_cronometraggio":2,
        "descrizione_breve":"50 RA",
        "id_comitato":0,
        "tipo_cronometraggio":"Automatico",
        "lunghezza":"25",
        "straniero":"ITA",
        "id_cp":0,
        "categoria":"Master 30",
        "nome":"FEDERICO",
        "id_turno":1,
        "id_atleta":632277,
        "id_tipo_gara":10,
        "batteria":0,
        "cittadinanza":"ITA",
        "descrizione":"8° Trofeo Forum Sprint",
        "id_tipo_risultato":1,
        "stagione":2008,
        "sesso":"M",
        "gara":"50 Rana",
        "sigla_comitato":"FIN",
        "id_lunghezza_vasca":1,
        "livello":"true",
        "_version_":1751349869322174466},
      {
        "piazzamento":0,
        "ordine":1,
        "lunghezza_vasca":"25m",
        "atleta":"MASCI FEDERICO",
        "corsia":0,
        "cognome":"MASCI",
        "luogo":"Firenze",
        "data_risultato":1236466800,
        "tempo_base":2436,
        "id_evento":28724,
        "id_categoria":"64",
        "id_societa":2469,
        "turno":"Serie",
        "id_gara":559851,
        "update_time":"2018-11-04T14:11:37Z",
        "codice_fiscale":"MSCFRC75D11H501C",
        "descrizione_risultato":"Individuale",
        "sigla_categoria":"M30",
        "tempo_ufficiale":3158,
        "codice_gara":"40",
        "id_master_ris":"943890-2469",
        "data_nascita":"1975-04-11T00:00:00Z",
        "denominazione":"Asd New Green Hill",
        "id":"943890",
        "id_tipo_cronometraggio":2,
        "descrizione_breve":"50 FA",
        "id_comitato":0,
        "tipo_cronometraggio":"Automatico",
        "lunghezza":"25",
        "straniero":"ITA",
        "id_cp":0,
        "categoria":"Master 30",
        "nome":"FEDERICO",
        "id_turno":1,
        "id_atleta":632277,
        "id_tipo_gara":13,
        "batteria":0,
        "cittadinanza":"ITA",
        "descrizione":"16° Meeting Città di Firenze",
        "id_tipo_risultato":1,
        "stagione":2008,
        "sesso":"M",
        "gara":"50 Farfalla",
        "sigla_comitato":"FIN",
        "id_lunghezza_vasca":1,
        "livello":"true",
        "_version_":1751349871125725185},
      {
        "piazzamento":0,
        "ordine":1,
        "lunghezza_vasca":"25m",
        "atleta":"MASCI FEDERICO",
        "corsia":0,
        "cognome":"MASCI",
        "luogo":"Roma",
        "data_risultato":1231628400,
        "tempo_base":5636,
        "id_evento":28670,
        "id_categoria":"64",
        "id_societa":2469,
        "turno":"Serie",
        "id_gara":561903,
        "update_time":"2018-11-04T14:11:37Z",
        "codice_fiscale":"MSCFRC75D11H501C",
        "descrizione_risultato":"Individuale",
        "sigla_categoria":"M30",
        "tempo_ufficiale":11159,
        "codice_gara":"51",
        "id_master_ris":"917031-2469",
        "data_nascita":"1975-04-11T00:00:00Z",
        "denominazione":"Asd New Green Hill",
        "id":"917031",
        "id_tipo_cronometraggio":2,
        "descrizione_breve":"100 MI",
        "id_comitato":0,
        "tipo_cronometraggio":"Automatico",
        "lunghezza":"25",
        "straniero":"ITA",
        "id_cp":0,
        "categoria":"Master 30",
        "nome":"FEDERICO",
        "id_turno":1,
        "id_atleta":632277,
        "id_tipo_gara":16,
        "batteria":0,
        "cittadinanza":"ITA",
        "descrizione":"8° Trofeo Forum Sprint",
        "id_tipo_risultato":1,
        "stagione":2008,
        "sesso":"M",
        "gara":"100 Misti",
        "sigla_comitato":"FIN",
        "id_lunghezza_vasca":1,
        "livello":"true",
        "_version_":1751349872202612737},
      {
        "piazzamento":0,
        "ordine":1,
        "lunghezza_vasca":"25m",
        "atleta":"MASCI FEDERICO",
        "corsia":0,
        "cognome":"MASCI",
        "luogo":"L`Aquila",
        "data_risultato":1236466800,
        "tempo_base":5636,
        "id_evento":28720,
        "id_categoria":"64",
        "id_societa":2469,
        "turno":"Serie",
        "id_gara":561917,
        "update_time":"2018-11-04T14:11:37Z",
        "codice_fiscale":"MSCFRC75D11H501C",
        "descrizione_risultato":"Individuale",
        "sigla_categoria":"M30",
        "tempo_ufficiale":11081,
        "codice_gara":"51",
        "id_master_ris":"941221-2469",
        "data_nascita":"1975-04-11T00:00:00Z",
        "denominazione":"Asd New Green Hill",
        "id":"941221",
        "id_tipo_cronometraggio":2,
        "descrizione_breve":"100 MI",
        "id_comitato":0,
        "tipo_cronometraggio":"Automatico",
        "lunghezza":"25",
        "straniero":"ITA",
        "id_cp":0,
        "categoria":"Master 30",
        "nome":"FEDERICO",
        "id_turno":1,
        "id_atleta":632277,
        "id_tipo_gara":16,
        "batteria":0,
        "cittadinanza":"ITA",
        "descrizione":"8° Coppa Immota Manet",
        "id_tipo_risultato":1,
        "stagione":2008,
        "sesso":"M",
        "gara":"100 Misti",
        "sigla_comitato":"FIN",
        "id_lunghezza_vasca":1,
        "livello":"true",
        "_version_":1751349872202612738},
      {
        "piazzamento":0,
        "ordine":1,
        "lunghezza_vasca":"25m",
        "atleta":"MASCI FEDERICO",
        "corsia":0,
        "cognome":"MASCI",
        "luogo":"Roma",
        "data_risultato":1238194800,
        "tempo_base":20401,
        "id_evento":28734,
        "id_categoria":"64",
        "id_societa":2469,
        "turno":"Serie",
        "id_gara":562672,
        "update_time":"2018-11-04T14:11:37Z",
        "codice_fiscale":"MSCFRC75D11H501C",
        "descrizione_risultato":"Individuale",
        "sigla_categoria":"M30",
        "tempo_ufficiale":23600,
        "codice_gara":"52",
        "id_master_ris":"946714-2469",
        "data_nascita":"1975-04-11T00:00:00Z",
        "denominazione":"Asd New Green Hill",
        "id":"946714",
        "id_tipo_cronometraggio":2,
        "descrizione_breve":"200 MI",
        "id_comitato":0,
        "tipo_cronometraggio":"Automatico",
        "lunghezza":"25",
        "straniero":"ITA",
        "id_cp":0,
        "categoria":"Master 30",
        "nome":"FEDERICO",
        "id_turno":1,
        "id_atleta":632277,
        "id_tipo_gara":17,
        "batteria":0,
        "cittadinanza":"ITA",
        "descrizione":"2° Trofeo Nantes Ostiensis",
        "id_tipo_risultato":1,
        "stagione":2008,
        "sesso":"M",
        "gara":"200 Misti",
        "sigla_comitato":"FIN",
        "id_lunghezza_vasca":1,
        "livello":"true",
        "_version_":1751349872726900736},
      {
        "piazzamento":0,
        "ordine":1,
        "lunghezza_vasca":"50m",
        "atleta":"MASCI FEDERICO",
        "corsia":0,
        "cognome":"MASCI",
        "luogo":"OSTIA",
        "data_risultato":1308520800,
        "tempo_base":21395,
        "id_evento":12751,
        "id_categoria":"66",
        "id_societa":561,
        "turno":"Serie",
        "id_gara":495983,
        "update_time":"2018-11-04T14:04:55Z",
        "codice_fiscale":"MSCFRC75D11H501C",
        "descrizione_risultato":"Individuale",
        "sigla_categoria":"M35",
        "tempo_ufficiale":24360,
        "codice_gara":"52",
        "id_master_ris":"696875-561",
        "data_nascita":"1975-04-11T00:00:00Z",
        "denominazione":"Effedue Group - Roma",
        "id":"696875",
        "id_tipo_cronometraggio":2,
        "descrizione_breve":"200 MI",
        "id_comitato":0,
        "tipo_cronometraggio":"Automatico",
        "lunghezza":"50",
        "straniero":"ITA",
        "id_cp":0,
        "categoria":"Master 35",
        "nome":"FEDERICO",
        "id_turno":1,
        "id_atleta":632277,
        "id_tipo_gara":17,
        "batteria":0,
        "cittadinanza":"ITA",
        "descrizione":"CAMPIONATI ITALIANI MASTERS NUOTO 2011",
        "id_tipo_risultato":1,
        "stagione":2010,
        "sesso":"M",
        "gara":"200 Misti",
        "sigla_comitato":"FIN",
        "id_lunghezza_vasca":2,
        "livello":"true",
        "_version_":1751349783129227265},
      {
        "piazzamento":0,
        "ordine":1,
        "lunghezza_vasca":"25m",
        "atleta":"MASCI FEDERICO",
        "corsia":0,
        "cognome":"MASCI",
        "luogo":"Pietralata",
        "data_risultato":1329519600,
        "tempo_base":20739,
        "id_evento":12704,
        "id_categoria":"66",
        "id_societa":712,
        "turno":"Serie",
        "id_gara":439579,
        "update_time":"2018-11-04T14:04:55Z",
        "codice_fiscale":"MSCFRC75D11H501C",
        "descrizione_risultato":"Individuale",
        "sigla_categoria":"M35",
        "tempo_ufficiale":23396,
        "codice_gara":"52",
        "id_master_ris":"651694-712",
        "data_nascita":"1975-04-11T00:00:00Z",
        "denominazione":"Rari Nantes Bel Poggio ss",
        "id":"651694",
        "id_tipo_cronometraggio":2,
        "descrizione_breve":"200 MI",
        "id_comitato":0,
        "tipo_cronometraggio":"Automatico",
        "lunghezza":"25",
        "straniero":"ITA",
        "id_cp":0,
        "categoria":"Master 35",
        "nome":"FEDERICO",
        "id_turno":1,
        "id_atleta":632277,
        "id_tipo_gara":17,
        "batteria":0,
        "cittadinanza":"ITA",
        "descrizione":"Regionali Lazio",
        "id_tipo_risultato":1,
        "stagione":2011,
        "sesso":"M",
        "gara":"200 Misti",
        "sigla_comitato":"FIN",
        "id_lunghezza_vasca":1,
        "livello":"true",
        "_version_":1751349790219698177},
      {
        "piazzamento":0,
        "ordine":1,
        "lunghezza_vasca":"25m",
        "atleta":"MASCI FEDERICO",
        "corsia":0,
        "cognome":"MASCI",
        "luogo":"Pietralata",
        "data_risultato":1329519600,
        "tempo_base":43679,
        "id_evento":12704,
        "id_categoria":"66",
        "id_societa":712,
        "turno":"Serie",
        "id_gara":441536,
        "update_time":"2018-11-04T14:04:55Z",
        "codice_fiscale":"MSCFRC75D11H501C",
        "descrizione_risultato":"Individuale",
        "sigla_categoria":"M35",
        "tempo_ufficiale":53251,
        "codice_gara":"54",
        "id_master_ris":"651693-712",
        "data_nascita":"1975-04-11T00:00:00Z",
        "denominazione":"Rari Nantes Bel Poggio ss",
        "id":"651693",
        "id_tipo_cronometraggio":2,
        "descrizione_breve":"400 MI",
        "id_comitato":0,
        "tipo_cronometraggio":"Automatico",
        "lunghezza":"25",
        "straniero":"ITA",
        "id_cp":0,
        "categoria":"Master 35",
        "nome":"FEDERICO",
        "id_turno":1,
        "id_atleta":632277,
        "id_tipo_gara":18,
        "batteria":0,
        "cittadinanza":"ITA",
        "descrizione":"Regionali Lazio",
        "id_tipo_risultato":1,
        "stagione":2011,
        "sesso":"M",
        "gara":"400 Misti",
        "sigla_comitato":"FIN",
        "id_lunghezza_vasca":1,
        "livello":"true",
        "_version_":1751349790310924289},
      {
        "piazzamento":0,
        "ordine":1,
        "lunghezza_vasca":"25m",
        "atleta":"MASCI FEDERICO",
        "corsia":0,
        "cognome":"MASCI",
        "luogo":"Pescara",
        "data_risultato":1212184800,
        "tempo_base":20401,
        "id_evento":38044,
        "id_categoria":"64",
        "id_societa":2469,
        "turno":"Serie",
        "id_gara":578085,
        "update_time":"2018-11-04T14:15:49Z",
        "codice_fiscale":"MSCFRC75D11H501C",
        "descrizione_risultato":"Individuale",
        "sigla_categoria":"M30",
        "tempo_ufficiale":23755,
        "codice_gara":"52",
        "id_master_ris":"1062854-2469",
        "data_nascita":"1975-04-11T00:00:00Z",
        "denominazione":"Asd New Green Hill",
        "id":"1062854",
        "id_tipo_cronometraggio":2,
        "descrizione_breve":"200 MI",
        "id_comitato":0,
        "tipo_cronometraggio":"Automatico",
        "lunghezza":"25",
        "straniero":"ITA",
        "id_cp":0,
        "categoria":"Master 30",
        "nome":"FEDERICO",
        "id_turno":1,
        "id_atleta":632277,
        "id_tipo_gara":17,
        "batteria":0,
        "cittadinanza":"ITA",
        "descrizione":"5° Trofeo Abruzzo Master",
        "id_tipo_risultato":1,
        "stagione":2007,
        "sesso":"M",
        "gara":"200 Misti",
        "sigla_comitato":"FIN",
        "id_lunghezza_vasca":1,
        "livello":"true",
        "_version_":1751349920450740225},
      {
        "piazzamento":0,
        "ordine":1,
        "lunghezza_vasca":"25m",
        "atleta":"MASCI FEDERICO",
        "corsia":0,
        "cognome":"MASCI",
        "luogo":"Pescara",
        "data_risultato":1212184800,
        "tempo_base":42674,
        "id_evento":38044,
        "id_categoria":"64",
        "id_societa":2469,
        "turno":"Serie",
        "id_gara":578580,
        "update_time":"2018-11-04T14:15:49Z",
        "codice_fiscale":"MSCFRC75D11H501C",
        "descrizione_risultato":"Individuale",
        "sigla_categoria":"M30",
        "tempo_ufficiale":54200,
        "codice_gara":"54",
        "id_master_ris":"1062853-2469",
        "data_nascita":"1975-04-11T00:00:00Z",
        "denominazione":"Asd New Green Hill",
        "id":"1062853",
        "id_tipo_cronometraggio":2,
        "descrizione_breve":"400 MI",
        "id_comitato":0,
        "tipo_cronometraggio":"Automatico",
        "lunghezza":"25",
        "straniero":"ITA",
        "id_cp":0,
        "categoria":"Master 30",
        "nome":"FEDERICO",
        "id_turno":1,
        "id_atleta":632277,
        "id_tipo_gara":18,
        "batteria":0,
        "cittadinanza":"ITA",
        "descrizione":"5° Trofeo Abruzzo Master",
        "id_tipo_risultato":1,
        "stagione":2007,
        "sesso":"M",
        "gara":"400 Misti",
        "sigla_comitato":"FIN",
        "id_lunghezza_vasca":1,
        "livello":"true",
        "_version_":1751349920496877568},
      {
        "piazzamento":0,
        "ordine":1,
        "lunghezza_vasca":"25m",
        "atleta":"MASCI FEDERICO",
        "corsia":0,
        "cognome":"MASCI",
        "luogo":"Roma",
        "data_risultato":1206745200,
        "tempo_base":20401,
        "id_evento":37973,
        "id_categoria":"64",
        "id_societa":2469,
        "turno":"Serie",
        "id_gara":578068,
        "update_time":"2018-11-04T14:14:25Z",
        "codice_fiscale":"MSCFRC75D11H501C",
        "descrizione_risultato":"Individuale",
        "sigla_categoria":"M30",
        "tempo_ufficiale":24107,
        "codice_gara":"52",
        "id_master_ris":"1039572-2469",
        "data_nascita":"1975-04-11T00:00:00Z",
        "denominazione":"Asd New Green Hill",
        "id":"1039572",
        "id_tipo_cronometraggio":2,
        "descrizione_breve":"200 MI",
        "id_comitato":0,
        "tipo_cronometraggio":"Automatico",
        "lunghezza":"25",
        "straniero":"ITA",
        "id_cp":0,
        "categoria":"Master 30",
        "nome":"FEDERICO",
        "id_turno":1,
        "id_atleta":632277,
        "id_tipo_gara":17,
        "batteria":0,
        "cittadinanza":"ITA",
        "descrizione":"1° Trf Nantes Ostiensis",
        "id_tipo_risultato":1,
        "stagione":2007,
        "sesso":"M",
        "gara":"200 Misti",
        "sigla_comitato":"FIN",
        "id_lunghezza_vasca":1,
        "livello":"true",
        "_version_":1751349904708468738},
      {
        "piazzamento":0,
        "ordine":1,
        "lunghezza_vasca":"25m",
        "atleta":"MASCI FEDERICO",
        "corsia":0,
        "cognome":"MASCI",
        "luogo":"Firenze",
        "data_risultato":1205535600,
        "tempo_base":42674,
        "id_evento":37950,
        "id_categoria":"64",
        "id_societa":2469,
        "turno":"Serie",
        "id_gara":578572,
        "update_time":"2018-11-04T14:14:25Z",
        "codice_fiscale":"MSCFRC75D11H501C",
        "descrizione_risultato":"Individuale",
        "sigla_categoria":"M30",
        "tempo_ufficiale":55246,
        "codice_gara":"54",
        "id_master_ris":"1031977-2469",
        "data_nascita":"1975-04-11T00:00:00Z",
        "denominazione":"Asd New Green Hill",
        "id":"1031977",
        "id_tipo_cronometraggio":2,
        "descrizione_breve":"400 MI",
        "id_comitato":0,
        "tipo_cronometraggio":"Automatico",
        "lunghezza":"25",
        "straniero":"ITA",
        "id_cp":0,
        "categoria":"Master 30",
        "nome":"FEDERICO",
        "id_turno":1,
        "id_atleta":632277,
        "id_tipo_gara":18,
        "batteria":0,
        "cittadinanza":"ITA",
        "descrizione":"14° Meeting Città di Firenze",
        "id_tipo_risultato":1,
        "stagione":2007,
        "sesso":"M",
        "gara":"400 Misti",
        "sigla_comitato":"FIN",
        "id_lunghezza_vasca":1,
        "livello":"true",
        "_version_":1751349904895115266},
      {
        "piazzamento":0,
        "ordine":1,
        "lunghezza_vasca":"25m",
        "atleta":"MASCI FEDERICO",
        "corsia":0,
        "cognome":"MASCI",
        "luogo":"Roma",
        "data_risultato":1521846000,
        "tempo_base":20663,
        "id_evento":133009,
        "id_categoria":"68",
        "id_societa":826,
        "turno":"Serie",
        "id_gara":1056800,
        "update_time":"2018-11-04T14:31:10Z",
        "codice_fiscale":"MSCFRC75D11H501C",
        "descrizione_risultato":"Individuale",
        "sigla_categoria":"M40",
        "tempo_ufficiale":23585,
        "codice_gara":"22",
        "id_master_ris":"2020406-826",
        "data_nascita":"1975-04-11T00:00:00Z",
        "denominazione":"Flaminio Sporting Club",
        "id":"2020406",
        "id_tipo_cronometraggio":2,
        "descrizione_breve":"200 DO",
        "id_comitato":0,
        "tipo_cronometraggio":"Automatico",
        "lunghezza":"25",
        "straniero":"ITA",
        "id_cp":0,
        "categoria":"Master 40",
        "nome":"FEDERICO",
        "id_turno":1,
        "id_atleta":632277,
        "id_tipo_gara":9,
        "batteria":0,
        "cittadinanza":"ITA",
        "descrizione":"1° Trofeo Master Babel",
        "id_tipo_risultato":1,
        "stagione":2017,
        "sesso":"M",
        "gara":"200 Dorso",
        "sigla_comitato":"FIN",
        "id_lunghezza_vasca":1,
        "livello":"true",
        "_version_":1751350078244651010},
      {
        "piazzamento":0,
        "ordine":1,
        "lunghezza_vasca":"25m",
        "atleta":"MASCI FEDERICO",
        "corsia":0,
        "cognome":"MASCI",
        "luogo":"Ostia",
        "data_risultato":1517612400,
        "tempo_base":20663,
        "id_evento":133010,
        "id_categoria":"68",
        "id_societa":826,
        "turno":"Serie",
        "id_gara":1056801,
        "update_time":"2018-11-04T14:31:10Z",
        "codice_fiscale":"MSCFRC75D11H501C",
        "descrizione_risultato":"Individuale",
        "sigla_categoria":"M40",
        "tempo_ufficiale":23346,
        "codice_gara":"22",
        "id_master_ris":"2022744-826",
        "data_nascita":"1975-04-11T00:00:00Z",
        "denominazione":"Flaminio Sporting Club",
        "id":"2022744",
        "id_tipo_cronometraggio":2,
        "descrizione_breve":"200 DO",
        "id_comitato":0,
        "tipo_cronometraggio":"Automatico",
        "lunghezza":"25",
        "straniero":"ITA",
        "id_cp":0,
        "categoria":"Master 40",
        "nome":"FEDERICO",
        "id_turno":1,
        "id_atleta":632277,
        "id_tipo_gara":9,
        "batteria":0,
        "cittadinanza":"ITA",
        "descrizione":"Regionali Lazio",
        "id_tipo_risultato":1,
        "stagione":2017,
        "sesso":"M",
        "gara":"200 Dorso",
        "sigla_comitato":"FIN",
        "id_lunghezza_vasca":1,
        "livello":"true",
        "_version_":1751350078244651011},
      {
        "piazzamento":0,
        "ordine":1,
        "lunghezza_vasca":"25m",
        "atleta":"MASCI FEDERICO",
        "corsia":0,
        "cognome":"MASCI",
        "luogo":"Roma",
        "data_risultato":1524261600,
        "tempo_base":20663,
        "id_evento":133028,
        "id_categoria":"68",
        "id_societa":826,
        "turno":"Serie",
        "id_gara":1056807,
        "update_time":"2018-11-04T14:31:10Z",
        "codice_fiscale":"MSCFRC75D11H501C",
        "descrizione_risultato":"Individuale",
        "sigla_categoria":"M40",
        "tempo_ufficiale":23421,
        "codice_gara":"22",
        "id_master_ris":"2039600-826",
        "data_nascita":"1975-04-11T00:00:00Z",
        "denominazione":"Flaminio Sporting Club",
        "id":"2039600",
        "id_tipo_cronometraggio":2,
        "descrizione_breve":"200 DO",
        "id_comitato":0,
        "tipo_cronometraggio":"Automatico",
        "lunghezza":"25",
        "straniero":"ITA",
        "id_cp":0,
        "categoria":"Master 40",
        "nome":"FEDERICO",
        "id_turno":1,
        "id_atleta":632277,
        "id_tipo_gara":9,
        "batteria":0,
        "cittadinanza":"ITA",
        "descrizione":"6° Trofeo AquAniene",
        "id_tipo_risultato":1,
        "stagione":2017,
        "sesso":"M",
        "gara":"200 Dorso",
        "sigla_comitato":"FIN",
        "id_lunghezza_vasca":1,
        "livello":"true",
        "_version_":1751350078245699586},
      {
        "piazzamento":0,
        "ordine":1,
        "lunghezza_vasca":"50m",
        "atleta":"MASCI FEDERICO",
        "corsia":0,
        "cognome":"MASCI",
        "luogo":"Città Castello",
        "data_risultato":1306533600,
        "tempo_base":21395,
        "id_evento":12849,
        "id_categoria":"66",
        "id_societa":561,
        "turno":"Serie",
        "id_gara":496104,
        "update_time":"2018-11-04T14:07:30Z",
        "codice_fiscale":"MSCFRC75D11H501C",
        "descrizione_risultato":"Individuale",
        "sigla_categoria":"M35",
        "tempo_ufficiale":24380,
        "codice_gara":"52",
        "id_master_ris":"789974-561",
        "data_nascita":"1975-04-11T00:00:00Z",
        "denominazione":"Effedue Group - Roma",
        "id":"789974",
        "id_tipo_cronometraggio":2,
        "descrizione_breve":"200 MI",
        "id_comitato":0,
        "tipo_cronometraggio":"Automatico",
        "lunghezza":"50",
        "straniero":"ITA",
        "id_cp":0,
        "categoria":"Master 35",
        "nome":"FEDERICO",
        "id_turno":1,
        "id_atleta":632277,
        "id_tipo_gara":17,
        "batteria":0,
        "cittadinanza":"ITA",
        "descrizione":"27° Meeting Galluzzi",
        "id_tipo_risultato":1,
        "stagione":2010,
        "sesso":"M",
        "gara":"200 Misti",
        "sigla_comitato":"FIN",
        "id_lunghezza_vasca":2,
        "livello":"true",
        "_version_":1751349829657690114},
      {
        "piazzamento":0,
        "ordine":1,
        "lunghezza_vasca":"50m",
        "atleta":"MASCI FEDERICO",
        "corsia":0,
        "cognome":"MASCI",
        "luogo":"Città Castello",
        "data_risultato":1306533600,
        "tempo_base":44695,
        "id_evento":12849,
        "id_categoria":"66",
        "id_societa":561,
        "turno":"Serie",
        "id_gara":497164,
        "update_time":"2018-11-04T14:07:30Z",
        "codice_fiscale":"MSCFRC75D11H501C",
        "descrizione_risultato":"Individuale",
        "sigla_categoria":"M35",
        "tempo_ufficiale":60673,
        "codice_gara":"54",
        "id_master_ris":"789973-561",
        "data_nascita":"1975-04-11T00:00:00Z",
        "denominazione":"Effedue Group - Roma",
        "id":"789973",
        "id_tipo_cronometraggio":2,
        "descrizione_breve":"400 MI",
        "id_comitato":0,
        "tipo_cronometraggio":"Automatico",
        "lunghezza":"50",
        "straniero":"ITA",
        "id_cp":0,
        "categoria":"Master 35",
        "nome":"FEDERICO",
        "id_turno":1,
        "id_atleta":632277,
        "id_tipo_gara":18,
        "batteria":0,
        "cittadinanza":"ITA",
        "descrizione":"27° Meeting Galluzzi",
        "id_tipo_risultato":1,
        "stagione":2010,
        "sesso":"M",
        "gara":"400 Misti",
        "sigla_comitato":"FIN",
        "id_lunghezza_vasca":2,
        "livello":"true",
        "_version_":1751349829768839168},
      {
        "piazzamento":0,
        "ordine":1,
        "lunghezza_vasca":"25m",
        "atleta":"MASCI FEDERICO",
        "corsia":0,
        "cognome":"MASCI",
        "luogo":"Roma",
        "data_risultato":1263337200,
        "tempo_base":2863,
        "id_evento":13191,
        "id_categoria":"66",
        "id_societa":561,
        "turno":"Serie",
        "id_gara":540102,
        "update_time":"2018-11-04T14:08:51Z",
        "codice_fiscale":"MSCFRC75D11H501C",
        "descrizione_risultato":"Individuale",
        "sigla_categoria":"M35",
        "tempo_ufficiale":3875,
        "codice_gara":"30",
        "id_master_ris":"828954-561",
        "data_nascita":"1975-04-11T00:00:00Z",
        "denominazione":"Effedue Group - Roma",
        "id":"828954",
        "id_tipo_cronometraggio":2,
        "descrizione_breve":"50 RA",
        "id_comitato":0,
        "tipo_cronometraggio":"Automatico",
        "lunghezza":"25",
        "straniero":"ITA",
        "id_cp":0,
        "categoria":"Master 35",
        "nome":"FEDERICO",
        "id_turno":1,
        "id_atleta":632277,
        "id_tipo_gara":10,
        "batteria":0,
        "cittadinanza":"ITA",
        "descrizione":"12° Trofeo Forum Sprint",
        "id_tipo_risultato":1,
        "stagione":2009,
        "sesso":"M",
        "gara":"50 Rana",
        "sigla_comitato":"FIN",
        "id_lunghezza_vasca":1,
        "livello":"true",
        "_version_":1751349836732432385},
      {
        "piazzamento":0,
        "ordine":1,
        "lunghezza_vasca":"25m",
        "atleta":"MASCI FEDERICO",
        "corsia":0,
        "cognome":"MASCI",
        "luogo":"Roma",
        "data_risultato":1263337200,
        "tempo_base":5694,
        "id_evento":13191,
        "id_categoria":"66",
        "id_societa":561,
        "turno":"Serie",
        "id_gara":545565,
        "update_time":"2018-11-04T14:08:51Z",
        "codice_fiscale":"MSCFRC75D11H501C",
        "descrizione_risultato":"Individuale",
        "sigla_categoria":"M35",
        "tempo_ufficiale":10890,
        "codice_gara":"51",
        "id_master_ris":"827990-561",
        "data_nascita":"1975-04-11T00:00:00Z",
        "denominazione":"Effedue Group - Roma",
        "id":"827990",
        "id_tipo_cronometraggio":2,
        "descrizione_breve":"100 MI",
        "id_comitato":0,
        "tipo_cronometraggio":"Automatico",
        "lunghezza":"25",
        "straniero":"ITA",
        "id_cp":0,
        "categoria":"Master 35",
        "nome":"FEDERICO",
        "id_turno":1,
        "id_atleta":632277,
        "id_tipo_gara":16,
        "batteria":0,
        "cittadinanza":"ITA",
        "descrizione":"12° Trofeo Forum Sprint",
        "id_tipo_risultato":1,
        "stagione":2009,
        "sesso":"M",
        "gara":"100 Misti",
        "sigla_comitato":"FIN",
        "id_lunghezza_vasca":1,
        "livello":"true",
        "_version_":1751349839116894209},
      {
        "piazzamento":0,
        "ordine":1,
        "lunghezza_vasca":"50m",
        "atleta":"MASCI FEDERICO",
        "corsia":0,
        "cognome":"MASCI",
        "luogo":"Roma",
        "data_risultato":1210370400,
        "tempo_base":5150,
        "id_evento":38007,
        "id_categoria":"64",
        "id_societa":2469,
        "turno":"Serie",
        "id_gara":565747,
        "update_time":"2018-11-04T14:15:49Z",
        "codice_fiscale":"MSCFRC75D11H501C",
        "descrizione_risultato":"Individuale",
        "sigla_categoria":"M30",
        "tempo_ufficiale":10356,
        "codice_gara":"01",
        "id_master_ris":"1050499-2469",
        "data_nascita":"1975-04-11T00:00:00Z",
        "denominazione":"Asd New Green Hill",
        "id":"1050499",
        "id_tipo_cronometraggio":2,
        "descrizione_breve":"100 SL",
        "id_comitato":0,
        "tipo_cronometraggio":"Automatico",
        "lunghezza":"50",
        "straniero":"ITA",
        "id_cp":0,
        "categoria":"Master 30",
        "nome":"FEDERICO",
        "id_turno":1,
        "id_atleta":632277,
        "id_tipo_gara":2,
        "batteria":0,
        "cittadinanza":"ITA",
        "descrizione":"6° Meeting Flaminio",
        "id_tipo_risultato":1,
        "stagione":2007,
        "sesso":"M",
        "gara":"100 Stile Libero",
        "sigla_comitato":"FIN",
        "id_lunghezza_vasca":2,
        "livello":"true",
        "_version_":1751349922768093187},
      {
        "piazzamento":0,
        "ordine":1,
        "lunghezza_vasca":"50m",
        "atleta":"MASCI FEDERICO",
        "corsia":0,
        "cognome":"MASCI",
        "luogo":"Roma",
        "data_risultato":1210975200,
        "tempo_base":2664,
        "id_evento":38016,
        "id_categoria":"64",
        "id_societa":2469,
        "turno":"Serie",
        "id_gara":569470,
        "update_time":"2018-11-04T14:15:49Z",
        "codice_fiscale":"MSCFRC75D11H501C",
        "descrizione_risultato":"Individuale",
        "sigla_categoria":"M30",
        "tempo_ufficiale":3466,
        "codice_gara":"20",
        "id_master_ris":"1053703-2469",
        "data_nascita":"1975-04-11T00:00:00Z",
        "denominazione":"Asd New Green Hill",
        "id":"1053703",
        "id_tipo_cronometraggio":2,
        "descrizione_breve":"50 DO",
        "id_comitato":0,
        "tipo_cronometraggio":"Automatico",
        "lunghezza":"50",
        "straniero":"ITA",
        "id_cp":0,
        "categoria":"Master 30",
        "nome":"FEDERICO",
        "id_turno":1,
        "id_atleta":632277,
        "id_tipo_gara":7,
        "batteria":0,
        "cittadinanza":"ITA",
        "descrizione":"6° Trofeo Larus Master",
        "id_tipo_risultato":1,
        "stagione":2007,
        "sesso":"M",
        "gara":"50 Dorso",
        "sigla_comitato":"FIN",
        "id_lunghezza_vasca":2,
        "livello":"true",
        "_version_":1751349923704471554},
      {
        "piazzamento":0,
        "ordine":1,
        "lunghezza_vasca":"50m",
        "atleta":"MASCI FEDERICO",
        "corsia":0,
        "cognome":"MASCI",
        "luogo":"Roma",
        "data_risultato":1210370400,
        "tempo_base":20889,
        "id_evento":38007,
        "id_categoria":"64",
        "id_societa":2469,
        "turno":"Serie",
        "id_gara":578074,
        "update_time":"2018-11-04T14:15:49Z",
        "codice_fiscale":"MSCFRC75D11H501C",
        "descrizione_risultato":"Individuale",
        "sigla_categoria":"M30",
        "tempo_ufficiale":24199,
        "codice_gara":"52",
        "id_master_ris":"1050502-2469",
        "data_nascita":"1975-04-11T00:00:00Z",
        "denominazione":"Asd New Green Hill",
        "id":"1050502",
        "id_tipo_cronometraggio":2,
        "descrizione_breve":"200 MI",
        "id_comitato":0,
        "tipo_cronometraggio":"Automatico",
        "lunghezza":"50",
        "straniero":"ITA",
        "id_cp":0,
        "categoria":"Master 30",
        "nome":"FEDERICO",
        "id_turno":1,
        "id_atleta":632277,
        "id_tipo_gara":17,
        "batteria":0,
        "cittadinanza":"ITA",
        "descrizione":"6° Meeting Flaminio",
        "id_tipo_risultato":1,
        "stagione":2007,
        "sesso":"M",
        "gara":"200 Misti",
        "sigla_comitato":"FIN",
        "id_lunghezza_vasca":2,
        "livello":"true",
        "_version_":1751349925175623683}]
  }}
