{
  "responseHeader":{
    "status":0,
    "QTime":0,
    "params":{
      "q":"*:*",
      "start":"0",
      "fq":["cognome: masci",
        "nome: federico"],
      "rows":"40"}},
  "response":{"numFound":238,"start":0,"docs":[
      {
        "piazzamento":0,
        "ordine":1,
        "lunghezza_vasca":"25m",
        "atleta":"MASCI FEDERICO",
        "corsia":0,
        "cognome":"MASCI",
        "luogo":"Roma",
        "data_risultato":1479596400,
        "tempo_base":5161,
        "id_evento":3753,
        "id_categoria":"68",
        "id_societa":826,
        "turno":"Serie",
        "id_gara":176525,
        "update_time":"2018-10-31T16:25:37Z",
        "codice_fiscale":"MSCFRC75D11H501C",
        "descrizione_risultato":"Individuale",
        "sigla_categoria":"M40",
        "tempo_ufficiale":10333,
        "codice_gara":"01",
        "id_master_ris":"12143-826",
        "data_nascita":"1975-04-11T00:00:00Z",
        "denominazione":"Flaminio Sporting Club",
        "id":"12143",
        "id_tipo_cronometraggio":2,
        "descrizione_breve":"100 SL",
        "id_comitato":0,
        "tipo_cronometraggio":"Automatico",
        "lunghezza":"25",
        "straniero":"ITA",
        "id_cp":0,
        "categoria":"Master 40",
        "nome":"FEDERICO",
        "id_turno":1,
        "id_atleta":632277,
        "id_tipo_gara":2,
        "batteria":0,
        "cittadinanza":"ITA",
        "descrizione":"1° Meeting Olgiata",
        "id_tipo_risultato":1,
        "stagione":2016,
        "sesso":"M",
        "gara":"100 Stile Libero",
        "sigla_comitato":"FIN",
        "id_lunghezza_vasca":1,
        "livello":"true",
        "_version_":1751349580667027456},
      {
        "piazzamento":0,
        "ordine":1,
        "lunghezza_vasca":"25m",
        "atleta":"MASCI FEDERICO",
        "corsia":0,
        "cognome":"MASCI",
        "luogo":"Ostia",
        "data_risultato":1481324400,
        "tempo_base":2667,
        "id_evento":3763,
        "id_categoria":"68",
        "id_societa":826,
        "turno":"Serie",
        "id_gara":182582,
        "update_time":"2018-10-31T16:25:37Z",
        "codice_fiscale":"MSCFRC75D11H501C",
        "descrizione_risultato":"Individuale",
        "sigla_categoria":"M40",
        "tempo_ufficiale":3245,
        "codice_gara":"20",
        "id_master_ris":"18907-826",
        "data_nascita":"1975-04-11T00:00:00Z",
        "denominazione":"Flaminio Sporting Club",
        "id":"18907",
        "id_tipo_cronometraggio":2,
        "descrizione_breve":"50 DO",
        "id_comitato":0,
        "tipo_cronometraggio":"Automatico",
        "lunghezza":"25",
        "straniero":"ITA",
        "id_cp":0,
        "categoria":"Master 40",
        "nome":"FEDERICO",
        "id_turno":1,
        "id_atleta":632277,
        "id_tipo_gara":7,
        "batteria":0,
        "cittadinanza":"ITA",
        "descrizione":"8° Memorial Brunelleschi",
        "id_tipo_risultato":1,
        "stagione":2016,
        "sesso":"M",
        "gara":"50 Dorso",
        "sigla_comitato":"FIN",
        "id_lunghezza_vasca":1,
        "livello":"true",
        "_version_":1751349582930903042},
      {
        "piazzamento":0,
        "ordine":1,
        "lunghezza_vasca":"25m",
        "atleta":"MASCI FEDERICO",
        "corsia":0,
        "cognome":"MASCI",
        "luogo":"Viterbo",
        "data_risultato":1484953200,
        "tempo_base":2667,
        "id_evento":3781,
        "id_categoria":"68",
        "id_societa":826,
        "turno":"Serie",
        "id_gara":182598,
        "update_time":"2018-10-31T16:25:37Z",
        "codice_fiscale":"MSCFRC75D11H501C",
        "descrizione_risultato":"Individuale",
        "sigla_categoria":"M40",
        "tempo_ufficiale":3287,
        "codice_gara":"20",
        "id_master_ris":"34280-826",
        "data_nascita":"1975-04-11T00:00:00Z",
        "denominazione":"Flaminio Sporting Club",
        "id":"34280",
        "id_tipo_cronometraggio":2,
        "descrizione_breve":"50 DO",
        "id_comitato":0,
        "tipo_cronometraggio":"Automatico",
        "lunghezza":"25",
        "straniero":"ITA",
        "id_cp":0,
        "categoria":"Master 40",
        "nome":"FEDERICO",
        "id_turno":1,
        "id_atleta":632277,
        "id_tipo_gara":7,
        "batteria":0,
        "cittadinanza":"ITA",
        "descrizione":"15° Trofeo Larus Master",
        "id_tipo_risultato":1,
        "stagione":2016,
        "sesso":"M",
        "gara":"50 Dorso",
        "sigla_comitato":"FIN",
        "id_lunghezza_vasca":1,
        "livello":"true",
        "_version_":1751349582931951616},
      {
        "piazzamento":0,
        "ordine":1,
        "lunghezza_vasca":"25m",
        "atleta":"MASCI FEDERICO",
        "corsia":0,
        "cognome":"MASCI",
        "luogo":"Roma",
        "data_risultato":1479596400,
        "tempo_base":5757,
        "id_evento":3753,
        "id_categoria":"68",
        "id_societa":826,
        "turno":"Serie",
        "id_gara":184256,
        "update_time":"2018-10-31T16:25:37Z",
        "codice_fiscale":"MSCFRC75D11H501C",
        "descrizione_risultato":"Individuale",
        "sigla_categoria":"M40",
        "tempo_ufficiale":11099,
        "codice_gara":"21",
        "id_master_ris":"12012-826",
        "data_nascita":"1975-04-11T00:00:00Z",
        "denominazione":"Flaminio Sporting Club",
        "id":"12012",
        "id_tipo_cronometraggio":2,
        "descrizione_breve":"100 DO",
        "id_comitato":0,
        "tipo_cronometraggio":"Automatico",
        "lunghezza":"25",
        "straniero":"ITA",
        "id_cp":0,
        "categoria":"Master 40",
        "nome":"FEDERICO",
        "id_turno":1,
        "id_atleta":632277,
        "id_tipo_gara":8,
        "batteria":0,
        "cittadinanza":"ITA",
        "descrizione":"1° Meeting Olgiata",
        "id_tipo_risultato":1,
        "stagione":2016,
        "sesso":"M",
        "gara":"100 Dorso",
        "sigla_comitato":"FIN",
        "id_lunghezza_vasca":1,
        "livello":"true",
        "_version_":1751349583382839299},
      {
        "piazzamento":0,
        "ordine":1,
        "lunghezza_vasca":"25m",
        "atleta":"MASCI FEDERICO",
        "corsia":0,
        "cognome":"MASCI",
        "luogo":"Viterbo",
        "data_risultato":1484953200,
        "tempo_base":20749,
        "id_evento":3781,
        "id_categoria":"68",
        "id_societa":826,
        "turno":"Serie",
        "id_gara":185321,
        "update_time":"2018-10-31T16:25:37Z",
        "codice_fiscale":"MSCFRC75D11H501C",
        "descrizione_risultato":"Individuale",
        "sigla_categoria":"M40",
        "tempo_ufficiale":23446,
        "codice_gara":"22",
        "id_master_ris":"33709-826",
        "data_nascita":"1975-04-11T00:00:00Z",
        "denominazione":"Flaminio Sporting Club",
        "id":"33709",
        "id_tipo_cronometraggio":2,
        "descrizione_breve":"200 DO",
        "id_comitato":0,
        "tipo_cronometraggio":"Automatico",
        "lunghezza":"25",
        "straniero":"ITA",
        "id_cp":0,
        "categoria":"Master 40",
        "nome":"FEDERICO",
        "id_turno":1,
        "id_atleta":632277,
        "id_tipo_gara":9,
        "batteria":0,
        "cittadinanza":"ITA",
        "descrizione":"15° Trofeo Larus Master",
        "id_tipo_risultato":1,
        "stagione":2016,
        "sesso":"M",
        "gara":"200 Dorso",
        "sigla_comitato":"FIN",
        "id_lunghezza_vasca":1,
        "livello":"true",
        "_version_":1751349583603040258},
      {
        "piazzamento":0,
        "ordine":1,
        "lunghezza_vasca":"25m",
        "atleta":"MASCI FEDERICO",
        "corsia":0,
        "cognome":"MASCI",
        "luogo":"Ostia",
        "data_risultato":1486162800,
        "tempo_base":20749,
        "id_evento":3789,
        "id_categoria":"68",
        "id_societa":826,
        "turno":"Serie",
        "id_gara":185325,
        "update_time":"2018-10-31T16:25:37Z",
        "codice_fiscale":"MSCFRC75D11H501C",
        "descrizione_risultato":"Individuale",
        "sigla_categoria":"M40",
        "tempo_ufficiale":23390,
        "codice_gara":"22",
        "id_master_ris":"42716-826",
        "data_nascita":"1975-04-11T00:00:00Z",
        "denominazione":"Flaminio Sporting Club",
        "id":"42716",
        "id_tipo_cronometraggio":2,
        "descrizione_breve":"200 DO",
        "id_comitato":0,
        "tipo_cronometraggio":"Automatico",
        "lunghezza":"25",
        "straniero":"ITA",
        "id_cp":0,
        "categoria":"Master 40",
        "nome":"FEDERICO",
        "id_turno":1,
        "id_atleta":632277,
        "id_tipo_gara":9,
        "batteria":0,
        "cittadinanza":"ITA",
        "descrizione":"Regionali Lazio",
        "id_tipo_risultato":1,
        "stagione":2016,
        "sesso":"M",
        "gara":"200 Dorso",
        "sigla_comitato":"FIN",
        "id_lunghezza_vasca":1,
        "livello":"true",
        "_version_":1751349583603040259},
      {
        "piazzamento":0,
        "ordine":1,
        "lunghezza_vasca":"25m",
        "atleta":"MASCI FEDERICO",
        "corsia":0,
        "cognome":"MASCI",
        "luogo":"Ostia",
        "data_risultato":1481324400,
        "tempo_base":5857,
        "id_evento":3763,
        "id_categoria":"68",
        "id_societa":826,
        "turno":"Serie",
        "id_gara":194784,
        "update_time":"2018-10-31T16:25:37Z",
        "codice_fiscale":"MSCFRC75D11H501C",
        "descrizione_risultato":"Individuale",
        "sigla_categoria":"M40",
        "tempo_ufficiale":11024,
        "codice_gara":"51",
        "id_master_ris":"18643-826",
        "data_nascita":"1975-04-11T00:00:00Z",
        "denominazione":"Flaminio Sporting Club",
        "id":"18643",
        "id_tipo_cronometraggio":2,
        "descrizione_breve":"100 MI",
        "id_comitato":0,
        "tipo_cronometraggio":"Automatico",
        "lunghezza":"25",
        "straniero":"ITA",
        "id_cp":0,
        "categoria":"Master 40",
        "nome":"FEDERICO",
        "id_turno":1,
        "id_atleta":632277,
        "id_tipo_gara":16,
        "batteria":0,
        "cittadinanza":"ITA",
        "descrizione":"8° Memorial Brunelleschi",
        "id_tipo_risultato":1,
        "stagione":2016,
        "sesso":"M",
        "gara":"100 Misti",
        "sigla_comitato":"FIN",
        "id_lunghezza_vasca":1,
        "livello":"true",
        "_version_":1751349587151421440},
      {
        "piazzamento":0,
        "ordine":1,
        "lunghezza_vasca":"25m",
        "atleta":"MASCI FEDERICO",
        "corsia":0,
        "cognome":"MASCI",
        "luogo":"Roma",
        "data_risultato":1484348400,
        "tempo_base":20818,
        "id_evento":3776,
        "id_categoria":"68",
        "id_societa":826,
        "turno":"Serie",
        "id_gara":195977,
        "update_time":"2018-10-31T16:25:37Z",
        "codice_fiscale":"MSCFRC75D11H501C",
        "descrizione_risultato":"Individuale",
        "sigla_categoria":"M40",
        "tempo_ufficiale":23933,
        "codice_gara":"52",
        "id_master_ris":"29919-826",
        "data_nascita":"1975-04-11T00:00:00Z",
        "denominazione":"Flaminio Sporting Club",
        "id":"29919",
        "id_tipo_cronometraggio":2,
        "descrizione_breve":"200 MI",
        "id_comitato":0,
        "tipo_cronometraggio":"Automatico",
        "lunghezza":"25",
        "straniero":"ITA",
        "id_cp":0,
        "categoria":"Master 40",
        "nome":"FEDERICO",
        "id_turno":1,
        "id_atleta":632277,
        "id_tipo_gara":17,
        "batteria":0,
        "cittadinanza":"ITA",
        "descrizione":"21° Trofeo Forum Sprint",
        "id_tipo_risultato":1,
        "stagione":2016,
        "sesso":"M",
        "gara":"200 Misti",
        "sigla_comitato":"FIN",
        "id_lunghezza_vasca":1,
        "livello":"true",
        "_version_":1751349587695632386},
      {
        "piazzamento":0,
        "ordine":1,
        "lunghezza_vasca":"25m",
        "atleta":"MASCI FEDERICO",
        "corsia":0,
        "cognome":"MASCI",
        "luogo":"Ostia",
        "data_risultato":1486162800,
        "tempo_base":20818,
        "id_evento":3789,
        "id_categoria":"68",
        "id_societa":826,
        "turno":"Serie",
        "id_gara":195985,
        "update_time":"2018-10-31T16:25:37Z",
        "codice_fiscale":"MSCFRC75D11H501C",
        "descrizione_risultato":"Individuale",
        "sigla_categoria":"M40",
        "tempo_ufficiale":23544,
        "codice_gara":"52",
        "id_master_ris":"42715-826",
        "data_nascita":"1975-04-11T00:00:00Z",
        "denominazione":"Flaminio Sporting Club",
        "id":"42715",
        "id_tipo_cronometraggio":2,
        "descrizione_breve":"200 MI",
        "id_comitato":0,
        "tipo_cronometraggio":"Automatico",
        "lunghezza":"25",
        "straniero":"ITA",
        "id_cp":0,
        "categoria":"Master 40",
        "nome":"FEDERICO",
        "id_turno":1,
        "id_atleta":632277,
        "id_tipo_gara":17,
        "batteria":0,
        "cittadinanza":"ITA",
        "descrizione":"Regionali Lazio",
        "id_tipo_risultato":1,
        "stagione":2016,
        "sesso":"M",
        "gara":"200 Misti",
        "sigla_comitato":"FIN",
        "id_lunghezza_vasca":1,
        "livello":"true",
        "_version_":1751349587695632387},
      {
        "piazzamento":0,
        "ordine":1,
        "lunghezza_vasca":"25m",
        "atleta":"MASCI FEDERICO",
        "corsia":0,
        "cognome":"MASCI",
        "luogo":"Roma",
        "data_risultato":1429912800,
        "tempo_base":20791,
        "id_evento":11886,
        "id_categoria":"68",
        "id_societa":826,
        "turno":"Serie",
        "id_gara":291005,
        "update_time":"2018-11-04T13:56:29Z",
        "codice_fiscale":"MSCFRC75D11H501C",
        "descrizione_risultato":"Individuale",
        "sigla_categoria":"M40",
        "tempo_ufficiale":23155,
        "codice_gara":"22",
        "id_master_ris":"327963-826",
        "data_nascita":"1975-04-11T00:00:00Z",
        "denominazione":"Flaminio Sporting Club",
        "id":"327963",
        "id_tipo_cronometraggio":2,
        "descrizione_breve":"200 DO",
        "id_comitato":0,
        "tipo_cronometraggio":"Automatico",
        "lunghezza":"25",
        "straniero":"ITA",
        "id_cp":0,
        "categoria":"Master 40",
        "nome":"FEDERICO",
        "id_turno":1,
        "id_atleta":632277,
        "id_tipo_gara":9,
        "batteria":0,
        "cittadinanza":"ITA",
        "descrizione":"3° Trofeo Aquaniene",
        "id_tipo_risultato":1,
        "stagione":2014,
        "sesso":"M",
        "gara":"200 Dorso",
        "sigla_comitato":"FIN",
        "id_lunghezza_vasca":1,
        "livello":"true",
        "_version_":1751349676548816896},
      {
        "piazzamento":0,
        "ordine":1,
        "lunghezza_vasca":"25m",
        "atleta":"MASCI FEDERICO",
        "corsia":0,
        "cognome":"MASCI",
        "luogo":"L`Aquila",
        "data_risultato":1425769200,
        "tempo_base":2903,
        "id_evento":11852,
        "id_categoria":"68",
        "id_societa":826,
        "turno":"Serie",
        "id_gara":292736,
        "update_time":"2018-11-04T13:56:29Z",
        "codice_fiscale":"MSCFRC75D11H501C",
        "descrizione_risultato":"Individuale",
        "sigla_categoria":"M40",
        "tempo_ufficiale":3704,
        "codice_gara":"30",
        "id_master_ris":"304132-826",
        "data_nascita":"1975-04-11T00:00:00Z",
        "denominazione":"Flaminio Sporting Club",
        "id":"304132",
        "id_tipo_cronometraggio":2,
        "descrizione_breve":"50 RA",
        "id_comitato":0,
        "tipo_cronometraggio":"Automatico",
        "lunghezza":"25",
        "straniero":"ITA",
        "id_cp":0,
        "categoria":"Master 40",
        "nome":"FEDERICO",
        "id_turno":1,
        "id_atleta":632277,
        "id_tipo_gara":10,
        "batteria":0,
        "cittadinanza":"ITA",
        "descrizione":"14° Coppa Immota Manet",
        "id_tipo_risultato":1,
        "stagione":2014,
        "sesso":"M",
        "gara":"50 Rana",
        "sigla_comitato":"FIN",
        "id_lunghezza_vasca":1,
        "livello":"true",
        "_version_":1751349677009141760},
      {
        "piazzamento":0,
        "ordine":1,
        "lunghezza_vasca":"25m",
        "atleta":"MASCI FEDERICO",
        "corsia":0,
        "cognome":"MASCI",
        "luogo":"Roma",
        "data_risultato":1427497200,
        "tempo_base":22164,
        "id_evento":11867,
        "id_categoria":"68",
        "id_societa":826,
        "turno":"Serie",
        "id_gara":295765,
        "update_time":"2018-11-04T13:56:29Z",
        "codice_fiscale":"MSCFRC75D11H501C",
        "descrizione_risultato":"Individuale",
        "sigla_categoria":"M40",
        "tempo_ufficiale":30043,
        "codice_gara":"32",
        "id_master_ris":"314196-826",
        "data_nascita":"1975-04-11T00:00:00Z",
        "denominazione":"Flaminio Sporting Club",
        "id":"314196",
        "id_tipo_cronometraggio":2,
        "descrizione_breve":"200 RA",
        "id_comitato":0,
        "tipo_cronometraggio":"Automatico",
        "lunghezza":"25",
        "straniero":"ITA",
        "id_cp":0,
        "categoria":"Master 40",
        "nome":"FEDERICO",
        "id_turno":1,
        "id_atleta":632277,
        "id_tipo_gara":12,
        "batteria":0,
        "cittadinanza":"ITA",
        "descrizione":"8° Trofeo Nantes Ostiensis",
        "id_tipo_risultato":1,
        "stagione":2014,
        "sesso":"M",
        "gara":"200 Rana",
        "sigla_comitato":"FIN",
        "id_lunghezza_vasca":1,
        "livello":"true",
        "_version_":1751349677974880258},
      {
        "piazzamento":0,
        "ordine":1,
        "lunghezza_vasca":"25m",
        "atleta":"MASCI FEDERICO",
        "corsia":0,
        "cognome":"MASCI",
        "luogo":"L`Aquila",
        "data_risultato":1425769200,
        "tempo_base":20859,
        "id_evento":11852,
        "id_categoria":"68",
        "id_societa":826,
        "turno":"Serie",
        "id_gara":301302,
        "update_time":"2018-11-04T13:56:29Z",
        "codice_fiscale":"MSCFRC75D11H501C",
        "descrizione_risultato":"Individuale",
        "sigla_categoria":"M40",
        "tempo_ufficiale":23803,
        "codice_gara":"52",
        "id_master_ris":"304133-826",
        "data_nascita":"1975-04-11T00:00:00Z",
        "denominazione":"Flaminio Sporting Club",
        "id":"304133",
        "id_tipo_cronometraggio":2,
        "descrizione_breve":"200 MI",
        "id_comitato":0,
        "tipo_cronometraggio":"Automatico",
        "lunghezza":"25",
        "straniero":"ITA",
        "id_cp":0,
        "categoria":"Master 40",
        "nome":"FEDERICO",
        "id_turno":1,
        "id_atleta":632277,
        "id_tipo_gara":17,
        "batteria":0,
        "cittadinanza":"ITA",
        "descrizione":"14° Coppa Immota Manet",
        "id_tipo_risultato":1,
        "stagione":2014,
        "sesso":"M",
        "gara":"200 Misti",
        "sigla_comitato":"FIN",
        "id_lunghezza_vasca":1,
        "livello":"true",
        "_version_":1751349679573958656},
      {
        "piazzamento":0,
        "ordine":1,
        "lunghezza_vasca":"25m",
        "atleta":"MASCI FEDERICO",
        "corsia":0,
        "cognome":"MASCI",
        "luogo":"Roma",
        "data_risultato":1427497200,
        "tempo_base":20859,
        "id_evento":11867,
        "id_categoria":"68",
        "id_societa":826,
        "turno":"Serie",
        "id_gara":301308,
        "update_time":"2018-11-04T13:56:29Z",
        "codice_fiscale":"MSCFRC75D11H501C",
        "descrizione_risultato":"Individuale",
        "sigla_categoria":"M40",
        "tempo_ufficiale":23395,
        "codice_gara":"52",
        "id_master_ris":"314197-826",
        "data_nascita":"1975-04-11T00:00:00Z",
        "denominazione":"Flaminio Sporting Club",
        "id":"314197",
        "id_tipo_cronometraggio":2,
        "descrizione_breve":"200 MI",
        "id_comitato":0,
        "tipo_cronometraggio":"Automatico",
        "lunghezza":"25",
        "straniero":"ITA",
        "id_cp":0,
        "categoria":"Master 40",
        "nome":"FEDERICO",
        "id_turno":1,
        "id_atleta":632277,
        "id_tipo_gara":17,
        "batteria":0,
        "cittadinanza":"ITA",
        "descrizione":"8° Trofeo Nantes Ostiensis",
        "id_tipo_risultato":1,
        "stagione":2014,
        "sesso":"M",
        "gara":"200 Misti",
        "sigla_comitato":"FIN",
        "id_lunghezza_vasca":1,
        "livello":"true",
        "_version_":1751349679575007232},
      {
        "piazzamento":0,
        "ordine":1,
        "lunghezza_vasca":"25m",
        "atleta":"MASCI FEDERICO",
        "corsia":0,
        "cognome":"MASCI",
        "luogo":"Roma",
        "data_risultato":1429912800,
        "tempo_base":43721,
        "id_evento":11886,
        "id_categoria":"68",
        "id_societa":826,
        "turno":"Serie",
        "id_gara":301932,
        "update_time":"2018-11-04T13:56:29Z",
        "codice_fiscale":"MSCFRC75D11H501C",
        "descrizione_risultato":"Individuale",
        "sigla_categoria":"M40",
        "tempo_ufficiale":54125,
        "codice_gara":"54",
        "id_master_ris":"328440-826",
        "data_nascita":"1975-04-11T00:00:00Z",
        "denominazione":"Flaminio Sporting Club",
        "id":"328440",
        "id_tipo_cronometraggio":2,
        "descrizione_breve":"400 MI",
        "id_comitato":0,
        "tipo_cronometraggio":"Automatico",
        "lunghezza":"25",
        "straniero":"ITA",
        "id_cp":0,
        "categoria":"Master 40",
        "nome":"FEDERICO",
        "id_turno":1,
        "id_atleta":632277,
        "id_tipo_gara":18,
        "batteria":0,
        "cittadinanza":"ITA",
        "descrizione":"3° Trofeo Aquaniene",
        "id_tipo_risultato":1,
        "stagione":2014,
        "sesso":"M",
        "gara":"400 Misti",
        "sigla_comitato":"FIN",
        "id_lunghezza_vasca":1,
        "livello":"true",
        "_version_":1751349679684059138},
      {
        "piazzamento":0,
        "ordine":1,
        "lunghezza_vasca":"50m",
        "atleta":"MASCI FEDERICO",
        "corsia":0,
        "cognome":"MASCI",
        "luogo":"Roma",
        "data_risultato":1433023200,
        "tempo_base":10076,
        "id_evento":11914,
        "id_categoria":"68",
        "id_societa":826,
        "turno":"Serie",
        "id_gara":290003,
        "update_time":"2018-11-04T13:56:29Z",
        "codice_fiscale":"MSCFRC75D11H501C",
        "descrizione_risultato":"Individuale",
        "sigla_categoria":"M40",
        "tempo_ufficiale":11383,
        "codice_gara":"21",
        "id_master_ris":"347299-826",
        "data_nascita":"1975-04-11T00:00:00Z",
        "denominazione":"Flaminio Sporting Club",
        "id":"347299",
        "id_tipo_cronometraggio":2,
        "descrizione_breve":"100 DO",
        "id_comitato":0,
        "tipo_cronometraggio":"Automatico",
        "lunghezza":"50",
        "straniero":"ITA",
        "id_cp":0,
        "categoria":"Master 40",
        "nome":"FEDERICO",
        "id_turno":1,
        "id_atleta":632277,
        "id_tipo_gara":8,
        "batteria":0,
        "cittadinanza":"ITA",
        "descrizione":"15° Meeting Flaminio SC",
        "id_tipo_risultato":1,
        "stagione":2014,
        "sesso":"M",
        "gara":"100 Dorso",
        "sigla_comitato":"FIN",
        "id_lunghezza_vasca":2,
        "livello":"true",
        "_version_":1751349683883606018},
      {
        "piazzamento":0,
        "ordine":1,
        "lunghezza_vasca":"25m",
        "atleta":"MASCI FEDERICO",
        "corsia":0,
        "cognome":"MASCI",
        "luogo":"L`Aquila",
        "data_risultato":1415487600,
        "tempo_base":5182,
        "id_evento":11789,
        "id_categoria":"68",
        "id_societa":826,
        "turno":"Serie",
        "id_gara":282424,
        "update_time":"2018-11-04T13:54:19Z",
        "codice_fiscale":"MSCFRC75D11H501C",
        "descrizione_risultato":"Individuale",
        "sigla_categoria":"M40",
        "tempo_ufficiale":10412,
        "codice_gara":"01",
        "id_master_ris":"244949-826",
        "data_nascita":"1975-04-11T00:00:00Z",
        "denominazione":"Flaminio Sporting Club",
        "id":"244949",
        "id_tipo_cronometraggio":2,
        "descrizione_breve":"100 SL",
        "id_comitato":0,
        "tipo_cronometraggio":"Automatico",
        "lunghezza":"25",
        "straniero":"ITA",
        "id_cp":0,
        "categoria":"Master 40",
        "nome":"FEDERICO",
        "id_turno":1,
        "id_atleta":632277,
        "id_tipo_gara":2,
        "batteria":0,
        "cittadinanza":"ITA",
        "descrizione":"11° meeting della Solidarietà ",
        "id_tipo_risultato":1,
        "stagione":2014,
        "sesso":"M",
        "gara":"100 Stile Libero",
        "sigla_comitato":"FIN",
        "id_lunghezza_vasca":1,
        "livello":"true",
        "_version_":1751349639404060673},
      {
        "piazzamento":0,
        "ordine":1,
        "lunghezza_vasca":"25m",
        "atleta":"MASCI FEDERICO",
        "corsia":0,
        "cognome":"MASCI",
        "luogo":"L`Aquila",
        "data_risultato":1415487600,
        "tempo_base":5801,
        "id_evento":11789,
        "id_categoria":"68",
        "id_societa":826,
        "turno":"Serie",
        "id_gara":289916,
        "update_time":"2018-11-04T13:54:19Z",
        "codice_fiscale":"MSCFRC75D11H501C",
        "descrizione_risultato":"Individuale",
        "sigla_categoria":"M40",
        "tempo_ufficiale":11023,
        "codice_gara":"21",
        "id_master_ris":"244948-826",
        "data_nascita":"1975-04-11T00:00:00Z",
        "denominazione":"Flaminio Sporting Club",
        "id":"244948",
        "id_tipo_cronometraggio":2,
        "descrizione_breve":"100 DO",
        "id_comitato":0,
        "tipo_cronometraggio":"Automatico",
        "lunghezza":"25",
        "straniero":"ITA",
        "id_cp":0,
        "categoria":"Master 40",
        "nome":"FEDERICO",
        "id_turno":1,
        "id_atleta":632277,
        "id_tipo_gara":8,
        "batteria":0,
        "cittadinanza":"ITA",
        "descrizione":"11° meeting della Solidarietà ",
        "id_tipo_risultato":1,
        "stagione":2014,
        "sesso":"M",
        "gara":"100 Dorso",
        "sigla_comitato":"FIN",
        "id_lunghezza_vasca":1,
        "livello":"true",
        "_version_":1751349639909474305},
      {
        "piazzamento":0,
        "ordine":1,
        "lunghezza_vasca":"25m",
        "atleta":"MASCI FEDERICO",
        "corsia":0,
        "cognome":"MASCI",
        "luogo":"Roma",
        "data_risultato":1461362400,
        "tempo_base":2676,
        "id_evento":11744,
        "id_categoria":"68",
        "id_societa":826,
        "turno":"Serie",
        "id_gara":264937,
        "update_time":"2018-11-04T13:54:19Z",
        "codice_fiscale":"MSCFRC75D11H501C",
        "descrizione_risultato":"Individuale",
        "sigla_categoria":"M40",
        "tempo_ufficiale":3192,
        "codice_gara":"20",
        "id_master_ris":"208247-826",
        "data_nascita":"1975-04-11T00:00:00Z",
        "denominazione":"Flaminio Sporting Club",
        "id":"208247",
        "id_tipo_cronometraggio":2,
        "descrizione_breve":"50 DO",
        "id_comitato":0,
        "tipo_cronometraggio":"Automatico",
        "lunghezza":"25",
        "straniero":"ITA",
        "id_cp":0,
        "categoria":"Master 40",
        "nome":"FEDERICO",
        "id_turno":1,
        "id_atleta":632277,
        "id_tipo_gara":7,
        "batteria":0,
        "cittadinanza":"ITA",
        "descrizione":"4° Trofeo AquAniene",
        "id_tipo_risultato":1,
        "stagione":2015,
        "sesso":"M",
        "gara":"50 Dorso",
        "sigla_comitato":"FIN",
        "id_lunghezza_vasca":1,
        "livello":"true",
        "_version_":1751349643879383043},
      {
        "piazzamento":0,
        "ordine":1,
        "lunghezza_vasca":"25m",
        "atleta":"MASCI FEDERICO",
        "corsia":0,
        "cognome":"MASCI",
        "luogo":"Roma",
        "data_risultato":1461362400,
        "tempo_base":2521,
        "id_evento":11744,
        "id_categoria":"68",
        "id_societa":826,
        "turno":"Serie",
        "id_gara":273994,
        "update_time":"2018-11-04T13:54:19Z",
        "codice_fiscale":"MSCFRC75D11H501C",
        "descrizione_risultato":"Individuale",
        "sigla_categoria":"M40",
        "tempo_ufficiale":3147,
        "codice_gara":"40",
        "id_master_ris":"208248-826",
        "data_nascita":"1975-04-11T00:00:00Z",
        "denominazione":"Flaminio Sporting Club",
        "id":"208248",
        "id_tipo_cronometraggio":2,
        "descrizione_breve":"50 FA",
        "id_comitato":0,
        "tipo_cronometraggio":"Automatico",
        "lunghezza":"25",
        "straniero":"ITA",
        "id_cp":0,
        "categoria":"Master 40",
        "nome":"FEDERICO",
        "id_turno":1,
        "id_atleta":632277,
        "id_tipo_gara":13,
        "batteria":0,
        "cittadinanza":"ITA",
        "descrizione":"4° Trofeo AquAniene",
        "id_tipo_risultato":1,
        "stagione":2015,
        "sesso":"M",
        "gara":"50 Farfalla",
        "sigla_comitato":"FIN",
        "id_lunghezza_vasca":1,
        "livello":"true",
        "_version_":1751349644887064578},
      {
        "piazzamento":0,
        "ordine":1,
        "lunghezza_vasca":"50m",
        "atleta":"MASCI FEDERICO",
        "corsia":0,
        "cognome":"MASCI",
        "luogo":"Terni",
        "data_risultato":1464386400,
        "tempo_base":10045,
        "id_evento":11766,
        "id_categoria":"68",
        "id_societa":826,
        "turno":"Serie",
        "id_gara":266650,
        "update_time":"2018-11-04T13:54:19Z",
        "codice_fiscale":"MSCFRC75D11H501C",
        "descrizione_risultato":"Individuale",
        "sigla_categoria":"M40",
        "tempo_ufficiale":11853,
        "codice_gara":"21",
        "id_master_ris":"224364-826",
        "data_nascita":"1975-04-11T00:00:00Z",
        "denominazione":"Flaminio Sporting Club",
        "id":"224364",
        "id_tipo_cronometraggio":2,
        "descrizione_breve":"100 DO",
        "id_comitato":0,
        "tipo_cronometraggio":"Automatico",
        "lunghezza":"50",
        "straniero":"ITA",
        "id_cp":0,
        "categoria":"Master 40",
        "nome":"FEDERICO",
        "id_turno":1,
        "id_atleta":632277,
        "id_tipo_gara":8,
        "batteria":0,
        "cittadinanza":"ITA",
        "descrizione":"16° Meeting Flaminio SC",
        "id_tipo_risultato":1,
        "stagione":2015,
        "sesso":"M",
        "gara":"100 Dorso",
        "sigla_comitato":"FIN",
        "id_lunghezza_vasca":2,
        "livello":"true",
        "_version_":1751349651586416641},
      {
        "piazzamento":0,
        "ordine":1,
        "lunghezza_vasca":"50m",
        "atleta":"MASCI FEDERICO",
        "corsia":0,
        "cognome":"MASCI",
        "luogo":"RICCIONE",
        "data_risultato":1466460000,
        "tempo_base":10045,
        "id_evento":11781,
        "id_categoria":"68",
        "id_societa":826,
        "turno":"Serie",
        "id_gara":266658,
        "update_time":"2018-11-04T13:54:19Z",
        "codice_fiscale":"MSCFRC75D11H501C",
        "descrizione_risultato":"Individuale",
        "sigla_categoria":"M40",
        "tempo_ufficiale":11268,
        "codice_gara":"21",
        "id_master_ris":"238214-826",
        "data_nascita":"1975-04-11T00:00:00Z",
        "denominazione":"Flaminio Sporting Club",
        "id":"238214",
        "id_tipo_cronometraggio":2,
        "descrizione_breve":"100 DO",
        "id_comitato":0,
        "tipo_cronometraggio":"Automatico",
        "lunghezza":"50",
        "straniero":"ITA",
        "id_cp":0,
        "categoria":"Master 40",
        "nome":"FEDERICO",
        "id_turno":1,
        "id_atleta":632277,
        "id_tipo_gara":8,
        "batteria":0,
        "cittadinanza":"ITA",
        "descrizione":"CAMPIONATI ITALIANI DI NUOTO MASTERS RICCIONE 2016",
        "id_tipo_risultato":1,
        "stagione":2015,
        "sesso":"M",
        "gara":"100 Dorso",
        "sigla_comitato":"FIN",
        "id_lunghezza_vasca":2,
        "livello":"true",
        "_version_":1751349651587465216},
      {
        "piazzamento":0,
        "ordine":1,
        "lunghezza_vasca":"25m",
        "atleta":"MASCI FEDERICO",
        "corsia":0,
        "cognome":"MASCI",
        "luogo":"Roma",
        "data_risultato":1459548000,
        "tempo_base":5182,
        "id_evento":11727,
        "id_categoria":"68",
        "id_societa":826,
        "turno":"Serie",
        "id_gara":259244,
        "update_time":"2018-11-04T13:53:16Z",
        "codice_fiscale":"MSCFRC75D11H501C",
        "descrizione_risultato":"Individuale",
        "sigla_categoria":"M40",
        "tempo_ufficiale":10360,
        "codice_gara":"01",
        "id_master_ris":"195626-826",
        "data_nascita":"1975-04-11T00:00:00Z",
        "denominazione":"Flaminio Sporting Club",
        "id":"195626",
        "id_tipo_cronometraggio":2,
        "descrizione_breve":"100 SL",
        "id_comitato":0,
        "tipo_cronometraggio":"Automatico",
        "lunghezza":"25",
        "straniero":"ITA",
        "id_cp":0,
        "categoria":"Master 40",
        "nome":"FEDERICO",
        "id_turno":1,
        "id_atleta":632277,
        "id_tipo_gara":2,
        "batteria":0,
        "cittadinanza":"ITA",
        "descrizione":"9° Trofeo Nantes Ostiensis",
        "id_tipo_risultato":1,
        "stagione":2015,
        "sesso":"M",
        "gara":"100 Stile Libero",
        "sigla_comitato":"FIN",
        "id_lunghezza_vasca":1,
        "livello":"true",
        "_version_":1751349628884746242},
      {
        "piazzamento":0,
        "ordine":1,
        "lunghezza_vasca":"25m",
        "atleta":"MASCI FEDERICO",
        "corsia":0,
        "cognome":"MASCI",
        "luogo":"Roma",
        "data_risultato":1459548000,
        "tempo_base":5790,
        "id_evento":11727,
        "id_categoria":"68",
        "id_societa":826,
        "turno":"Serie",
        "id_gara":266621,
        "update_time":"2018-11-04T13:53:16Z",
        "codice_fiscale":"MSCFRC75D11H501C",
        "descrizione_risultato":"Individuale",
        "sigla_categoria":"M40",
        "tempo_ufficiale":11041,
        "codice_gara":"21",
        "id_master_ris":"195133-826",
        "data_nascita":"1975-04-11T00:00:00Z",
        "denominazione":"Flaminio Sporting Club",
        "id":"195133",
        "id_tipo_cronometraggio":2,
        "descrizione_breve":"100 DO",
        "id_comitato":0,
        "tipo_cronometraggio":"Automatico",
        "lunghezza":"25",
        "straniero":"ITA",
        "id_cp":0,
        "categoria":"Master 40",
        "nome":"FEDERICO",
        "id_turno":1,
        "id_atleta":632277,
        "id_tipo_gara":8,
        "batteria":0,
        "cittadinanza":"ITA",
        "descrizione":"9° Trofeo Nantes Ostiensis",
        "id_tipo_risultato":1,
        "stagione":2015,
        "sesso":"M",
        "gara":"100 Dorso",
        "sigla_comitato":"FIN",
        "id_lunghezza_vasca":1,
        "livello":"true",
        "_version_":1751349631811321856},
      {
        "piazzamento":0,
        "ordine":1,
        "lunghezza_vasca":"25m",
        "atleta":"MASCI FEDERICO",
        "corsia":0,
        "cognome":"MASCI",
        "luogo":"Viterbo",
        "data_risultato":1453503600,
        "tempo_base":20777,
        "id_evento":11691,
        "id_categoria":"68",
        "id_societa":826,
        "turno":"Serie",
        "id_gara":267624,
        "update_time":"2018-11-04T13:53:16Z",
        "codice_fiscale":"MSCFRC75D11H501C",
        "descrizione_risultato":"Individuale",
        "sigla_categoria":"M40",
        "tempo_ufficiale":23658,
        "codice_gara":"22",
        "id_master_ris":"159476-826",
        "data_nascita":"1975-04-11T00:00:00Z",
        "denominazione":"Flaminio Sporting Club",
        "id":"159476",
        "id_tipo_cronometraggio":2,
        "descrizione_breve":"200 DO",
        "id_comitato":0,
        "tipo_cronometraggio":"Automatico",
        "lunghezza":"25",
        "straniero":"ITA",
        "id_cp":0,
        "categoria":"Master 40",
        "nome":"FEDERICO",
        "id_turno":1,
        "id_atleta":632277,
        "id_tipo_gara":9,
        "batteria":0,
        "cittadinanza":"ITA",
        "descrizione":"14° Trofeo Larus Master",
        "id_tipo_risultato":1,
        "stagione":2015,
        "sesso":"M",
        "gara":"200 Dorso",
        "sigla_comitato":"FIN",
        "id_lunghezza_vasca":1,
        "livello":"true",
        "_version_":1751349632080805890},
      {
        "piazzamento":0,
        "ordine":1,
        "lunghezza_vasca":"25m",
        "atleta":"MASCI FEDERICO",
        "corsia":0,
        "cognome":"MASCI",
        "luogo":"Ostia",
        "data_risultato":1454713200,
        "tempo_base":20777,
        "id_evento":11697,
        "id_categoria":"68",
        "id_societa":826,
        "turno":"Serie",
        "id_gara":267628,
        "update_time":"2018-11-04T13:53:16Z",
        "codice_fiscale":"MSCFRC75D11H501C",
        "descrizione_risultato":"Individuale",
        "sigla_categoria":"M40",
        "tempo_ufficiale":23156,
        "codice_gara":"22",
        "id_master_ris":"168199-826",
        "data_nascita":"1975-04-11T00:00:00Z",
        "denominazione":"Flaminio Sporting Club",
        "id":"168199",
        "id_tipo_cronometraggio":2,
        "descrizione_breve":"200 DO",
        "id_comitato":0,
        "tipo_cronometraggio":"Automatico",
        "lunghezza":"25",
        "straniero":"ITA",
        "id_cp":0,
        "categoria":"Master 40",
        "nome":"FEDERICO",
        "id_turno":1,
        "id_atleta":632277,
        "id_tipo_gara":9,
        "batteria":0,
        "cittadinanza":"ITA",
        "descrizione":"Regionali Lazio",
        "id_tipo_risultato":1,
        "stagione":2015,
        "sesso":"M",
        "gara":"200 Dorso",
        "sigla_comitato":"FIN",
        "id_lunghezza_vasca":1,
        "livello":"true",
        "_version_":1751349632081854464},
      {
        "piazzamento":0,
        "ordine":1,
        "lunghezza_vasca":"25m",
        "atleta":"MASCI FEDERICO",
        "corsia":0,
        "cognome":"MASCI",
        "luogo":"Pomezia",
        "data_risultato":1457823600,
        "tempo_base":10362,
        "id_evento":11717,
        "id_categoria":"68",
        "id_societa":826,
        "turno":"Serie",
        "id_gara":271186,
        "update_time":"2018-11-04T13:53:16Z",
        "codice_fiscale":"MSCFRC75D11H501C",
        "descrizione_risultato":"Individuale",
        "sigla_categoria":"M40",
        "tempo_ufficiale":12103,
        "codice_gara":"31",
        "id_master_ris":"187314-826",
        "data_nascita":"1975-04-11T00:00:00Z",
        "denominazione":"Flaminio Sporting Club",
        "id":"187314",
        "id_tipo_cronometraggio":2,
        "descrizione_breve":"100 RA",
        "id_comitato":0,
        "tipo_cronometraggio":"Automatico",
        "lunghezza":"25",
        "straniero":"ITA",
        "id_cp":0,
        "categoria":"Master 40",
        "nome":"FEDERICO",
        "id_turno":1,
        "id_atleta":632277,
        "id_tipo_gara":11,
        "batteria":0,
        "cittadinanza":"ITA",
        "descrizione":"5° Trofeo Latina Aquateam",
        "id_tipo_risultato":1,
        "stagione":2015,
        "sesso":"M",
        "gara":"100 Rana",
        "sigla_comitato":"FIN",
        "id_lunghezza_vasca":1,
        "livello":"true",
        "_version_":1751349633455489027},
      {
        "piazzamento":0,
        "ordine":1,
        "lunghezza_vasca":"25m",
        "atleta":"MASCI FEDERICO",
        "corsia":0,
        "cognome":"MASCI",
        "luogo":"Viterbo",
        "data_risultato":1453503600,
        "tempo_base":5869,
        "id_evento":11691,
        "id_categoria":"68",
        "id_societa":826,
        "turno":"Serie",
        "id_gara":276789,
        "update_time":"2018-11-04T13:53:16Z",
        "codice_fiscale":"MSCFRC75D11H501C",
        "descrizione_risultato":"Individuale",
        "sigla_categoria":"M40",
        "tempo_ufficiale":11095,
        "codice_gara":"51",
        "id_master_ris":"159477-826",
        "data_nascita":"1975-04-11T00:00:00Z",
        "denominazione":"Flaminio Sporting Club",
        "id":"159477",
        "id_tipo_cronometraggio":2,
        "descrizione_breve":"100 MI",
        "id_comitato":0,
        "tipo_cronometraggio":"Automatico",
        "lunghezza":"25",
        "straniero":"ITA",
        "id_cp":0,
        "categoria":"Master 40",
        "nome":"FEDERICO",
        "id_turno":1,
        "id_atleta":632277,
        "id_tipo_gara":16,
        "batteria":0,
        "cittadinanza":"ITA",
        "descrizione":"14° Trofeo Larus Master",
        "id_tipo_risultato":1,
        "stagione":2015,
        "sesso":"M",
        "gara":"100 Misti",
        "sigla_comitato":"FIN",
        "id_lunghezza_vasca":1,
        "livello":"true",
        "_version_":1751349635732996098},
      {
        "piazzamento":0,
        "ordine":1,
        "lunghezza_vasca":"25m",
        "atleta":"MASCI FEDERICO",
        "corsia":0,
        "cognome":"MASCI",
        "luogo":"Pomezia",
        "data_risultato":1457823600,
        "tempo_base":5869,
        "id_evento":11717,
        "id_categoria":"68",
        "id_societa":826,
        "turno":"Serie",
        "id_gara":276807,
        "update_time":"2018-11-04T13:53:16Z",
        "codice_fiscale":"MSCFRC75D11H501C",
        "descrizione_risultato":"Individuale",
        "sigla_categoria":"M40",
        "tempo_ufficiale":10916,
        "codice_gara":"51",
        "id_master_ris":"187315-826",
        "data_nascita":"1975-04-11T00:00:00Z",
        "denominazione":"Flaminio Sporting Club",
        "id":"187315",
        "id_tipo_cronometraggio":2,
        "descrizione_breve":"100 MI",
        "id_comitato":0,
        "tipo_cronometraggio":"Automatico",
        "lunghezza":"25",
        "straniero":"ITA",
        "id_cp":0,
        "categoria":"Master 40",
        "nome":"FEDERICO",
        "id_turno":1,
        "id_atleta":632277,
        "id_tipo_gara":16,
        "batteria":0,
        "cittadinanza":"ITA",
        "descrizione":"5° Trofeo Latina Aquateam",
        "id_tipo_risultato":1,
        "stagione":2015,
        "sesso":"M",
        "gara":"100 Misti",
        "sigla_comitato":"FIN",
        "id_lunghezza_vasca":1,
        "livello":"true",
        "_version_":1751349635735093249},
      {
        "piazzamento":0,
        "ordine":1,
        "lunghezza_vasca":"25m",
        "atleta":"MASCI FEDERICO",
        "corsia":0,
        "cognome":"MASCI",
        "luogo":"Ostia",
        "data_risultato":1454713200,
        "tempo_base":20830,
        "id_evento":11697,
        "id_categoria":"68",
        "id_societa":826,
        "turno":"Serie",
        "id_gara":277889,
        "update_time":"2018-11-04T13:53:16Z",
        "codice_fiscale":"MSCFRC75D11H501C",
        "descrizione_risultato":"Individuale",
        "sigla_categoria":"M40",
        "tempo_ufficiale":23433,
        "codice_gara":"52",
        "id_master_ris":"166565-826",
        "data_nascita":"1975-04-11T00:00:00Z",
        "denominazione":"Flaminio Sporting Club",
        "id":"166565",
        "id_tipo_cronometraggio":2,
        "descrizione_breve":"200 MI",
        "id_comitato":0,
        "tipo_cronometraggio":"Automatico",
        "lunghezza":"25",
        "straniero":"ITA",
        "id_cp":0,
        "categoria":"Master 40",
        "nome":"FEDERICO",
        "id_turno":1,
        "id_atleta":632277,
        "id_tipo_gara":17,
        "batteria":0,
        "cittadinanza":"ITA",
        "descrizione":"Regionali Lazio",
        "id_tipo_risultato":1,
        "stagione":2015,
        "sesso":"M",
        "gara":"200 Misti",
        "sigla_comitato":"FIN",
        "id_lunghezza_vasca":1,
        "livello":"true",
        "_version_":1751349636243652611},
      {
        "piazzamento":0,
        "ordine":1,
        "lunghezza_vasca":"25m",
        "atleta":"MASCI FEDERICO",
        "corsia":0,
        "cognome":"MASCI",
        "luogo":"L`Aquila",
        "data_risultato":1457218800,
        "tempo_base":20830,
        "id_evento":11713,
        "id_categoria":"68",
        "id_societa":826,
        "turno":"Serie",
        "id_gara":277903,
        "update_time":"2018-11-04T13:53:16Z",
        "codice_fiscale":"MSCFRC75D11H501C",
        "descrizione_risultato":"Individuale",
        "sigla_categoria":"M40",
        "tempo_ufficiale":23856,
        "codice_gara":"52",
        "id_master_ris":"185264-826",
        "data_nascita":"1975-04-11T00:00:00Z",
        "denominazione":"Flaminio Sporting Club",
        "id":"185264",
        "id_tipo_cronometraggio":2,
        "descrizione_breve":"200 MI",
        "id_comitato":0,
        "tipo_cronometraggio":"Automatico",
        "lunghezza":"25",
        "straniero":"ITA",
        "id_cp":0,
        "categoria":"Master 40",
        "nome":"FEDERICO",
        "id_turno":1,
        "id_atleta":632277,
        "id_tipo_gara":17,
        "batteria":0,
        "cittadinanza":"ITA",
        "descrizione":"15° Coppa Immota Manet",
        "id_tipo_risultato":1,
        "stagione":2015,
        "sesso":"M",
        "gara":"200 Misti",
        "sigla_comitato":"FIN",
        "id_lunghezza_vasca":1,
        "livello":"true",
        "_version_":1751349636244701185},
      {
        "piazzamento":0,
        "ordine":1,
        "lunghezza_vasca":"25m",
        "atleta":"MASCI FEDERICO",
        "corsia":0,
        "cognome":"MASCI",
        "luogo":"Roma",
        "data_risultato":1449270000,
        "tempo_base":5790,
        "id_evento":11666,
        "id_categoria":"68",
        "id_societa":826,
        "turno":"Serie",
        "id_gara":266576,
        "update_time":"2018-11-04T13:52:13Z",
        "codice_fiscale":"MSCFRC75D11H501C",
        "descrizione_risultato":"Individuale",
        "sigla_categoria":"M40",
        "tempo_ufficiale":11058,
        "codice_gara":"21",
        "id_master_ris":"139763-826",
        "data_nascita":"1975-04-11T00:00:00Z",
        "denominazione":"Flaminio Sporting Club",
        "id":"139763",
        "id_tipo_cronometraggio":2,
        "descrizione_breve":"100 DO",
        "id_comitato":0,
        "tipo_cronometraggio":"Automatico",
        "lunghezza":"25",
        "straniero":"ITA",
        "id_cp":0,
        "categoria":"Master 40",
        "nome":"FEDERICO",
        "id_turno":1,
        "id_atleta":632277,
        "id_tipo_gara":8,
        "batteria":0,
        "cittadinanza":"ITA",
        "descrizione":"7° Memorial Brunelleschi",
        "id_tipo_risultato":1,
        "stagione":2015,
        "sesso":"M",
        "gara":"100 Dorso",
        "sigla_comitato":"FIN",
        "id_lunghezza_vasca":1,
        "livello":"true",
        "_version_":1751349610958290945},
      {
        "piazzamento":0,
        "ordine":1,
        "lunghezza_vasca":"25m",
        "atleta":"MASCI FEDERICO",
        "corsia":0,
        "cognome":"MASCI",
        "luogo":"Roma",
        "data_risultato":1449270000,
        "tempo_base":2894,
        "id_evento":11666,
        "id_categoria":"68",
        "id_societa":826,
        "turno":"Serie",
        "id_gara":269296,
        "update_time":"2018-11-04T13:52:13Z",
        "codice_fiscale":"MSCFRC75D11H501C",
        "descrizione_risultato":"Individuale",
        "sigla_categoria":"M40",
        "tempo_ufficiale":3702,
        "codice_gara":"30",
        "id_master_ris":"139762-826",
        "data_nascita":"1975-04-11T00:00:00Z",
        "denominazione":"Flaminio Sporting Club",
        "id":"139762",
        "id_tipo_cronometraggio":2,
        "descrizione_breve":"50 RA",
        "id_comitato":0,
        "tipo_cronometraggio":"Automatico",
        "lunghezza":"25",
        "straniero":"ITA",
        "id_cp":0,
        "categoria":"Master 40",
        "nome":"FEDERICO",
        "id_turno":1,
        "id_atleta":632277,
        "id_tipo_gara":10,
        "batteria":0,
        "cittadinanza":"ITA",
        "descrizione":"7° Memorial Brunelleschi",
        "id_tipo_risultato":1,
        "stagione":2015,
        "sesso":"M",
        "gara":"50 Rana",
        "sigla_comitato":"FIN",
        "id_lunghezza_vasca":1,
        "livello":"true",
        "_version_":1751349611369332736},
      {
        "piazzamento":0,
        "ordine":1,
        "lunghezza_vasca":"50m",
        "atleta":"MASCI FEDERICO",
        "corsia":0,
        "cognome":"MASCI",
        "luogo":"Roma",
        "data_risultato":1495922400,
        "tempo_base":2775,
        "id_evento":3863,
        "id_categoria":"68",
        "id_societa":826,
        "turno":"Serie",
        "id_gara":182665,
        "update_time":"2018-11-04T13:52:13Z",
        "codice_fiscale":"MSCFRC75D11H501C",
        "descrizione_risultato":"Individuale",
        "sigla_categoria":"M40",
        "tempo_ufficiale":3478,
        "codice_gara":"20",
        "id_master_ris":"107320-826",
        "data_nascita":"1975-04-11T00:00:00Z",
        "denominazione":"Flaminio Sporting Club",
        "id":"107320",
        "id_tipo_cronometraggio":2,
        "descrizione_breve":"50 DO",
        "id_comitato":0,
        "tipo_cronometraggio":"Automatico",
        "lunghezza":"50",
        "straniero":"ITA",
        "id_cp":0,
        "categoria":"Master 40",
        "nome":"FEDERICO",
        "id_turno":1,
        "id_atleta":632277,
        "id_tipo_gara":7,
        "batteria":0,
        "cittadinanza":"ITA",
        "descrizione":"17° Meeting Flaminio SC",
        "id_tipo_risultato":1,
        "stagione":2016,
        "sesso":"M",
        "gara":"50 Dorso",
        "sigla_comitato":"FIN",
        "id_lunghezza_vasca":2,
        "livello":"true",
        "_version_":1751349620383940608},
      {
        "piazzamento":0,
        "ordine":1,
        "lunghezza_vasca":"50m",
        "atleta":"MASCI FEDERICO",
        "corsia":1,
        "cognome":"MASCI",
        "luogo":"RICCIONE",
        "data_risultato":1498514400,
        "tempo_base":10045,
        "id_evento":3874,
        "id_categoria":"68",
        "id_societa":826,
        "turno":"Serie",
        "id_gara":184345,
        "update_time":"2018-11-04T13:52:13Z",
        "codice_fiscale":"MSCFRC75D11H501C",
        "descrizione_risultato":"Individuale",
        "sigla_categoria":"M40",
        "tempo_ufficiale":11364,
        "codice_gara":"21",
        "id_master_ris":"117190-826",
        "data_nascita":"1975-04-11T00:00:00Z",
        "denominazione":"Flaminio Sporting Club",
        "id":"117190",
        "id_tipo_cronometraggio":2,
        "descrizione_breve":"100 DO",
        "id_comitato":0,
        "tipo_cronometraggio":"Automatico",
        "lunghezza":"50",
        "straniero":"ITA",
        "id_cp":0,
        "categoria":"Master 40",
        "nome":"FEDERICO",
        "id_turno":1,
        "id_atleta":632277,
        "id_tipo_gara":8,
        "batteria":0,
        "cittadinanza":"ITA",
        "descrizione":"CAMPIONATI ITALIANI DI NUOTO MASTERS RICCIONE",
        "id_tipo_risultato":1,
        "stagione":2016,
        "sesso":"M",
        "gara":"100 Dorso",
        "sigla_comitato":"FIN",
        "id_lunghezza_vasca":2,
        "livello":"true",
        "_version_":1751349620655521793},
      {
        "piazzamento":0,
        "ordine":1,
        "lunghezza_vasca":"50m",
        "atleta":"MASCI FEDERICO",
        "corsia":7,
        "cognome":"MASCI",
        "luogo":"RICCIONE",
        "data_risultato":1498514400,
        "tempo_base":21381,
        "id_evento":3874,
        "id_categoria":"68",
        "id_societa":826,
        "turno":"Serie",
        "id_gara":185363,
        "update_time":"2018-11-04T13:52:13Z",
        "codice_fiscale":"MSCFRC75D11H501C",
        "descrizione_risultato":"Individuale",
        "sigla_categoria":"M40",
        "tempo_ufficiale":24275,
        "codice_gara":"22",
        "id_master_ris":"117191-826",
        "data_nascita":"1975-04-11T00:00:00Z",
        "denominazione":"Flaminio Sporting Club",
        "id":"117191",
        "id_tipo_cronometraggio":2,
        "descrizione_breve":"200 DO",
        "id_comitato":0,
        "tipo_cronometraggio":"Automatico",
        "lunghezza":"50",
        "straniero":"ITA",
        "id_cp":0,
        "categoria":"Master 40",
        "nome":"FEDERICO",
        "id_turno":1,
        "id_atleta":632277,
        "id_tipo_gara":9,
        "batteria":0,
        "cittadinanza":"ITA",
        "descrizione":"CAMPIONATI ITALIANI DI NUOTO MASTERS RICCIONE",
        "id_tipo_risultato":1,
        "stagione":2016,
        "sesso":"M",
        "gara":"200 Dorso",
        "sigla_comitato":"FIN",
        "id_lunghezza_vasca":2,
        "livello":"true",
        "_version_":1751349620779253763},
      {
        "piazzamento":0,
        "ordine":1,
        "lunghezza_vasca":"25m",
        "atleta":"MASCI FEDERICO",
        "corsia":0,
        "cognome":"MASCI",
        "luogo":"Follonica",
        "data_risultato":1489878000,
        "tempo_base":2667,
        "id_evento":3812,
        "id_categoria":"68",
        "id_societa":826,
        "turno":"Serie",
        "id_gara":182626,
        "update_time":"2018-11-04T13:17:37Z",
        "codice_fiscale":"MSCFRC75D11H501C",
        "descrizione_risultato":"Individuale",
        "sigla_categoria":"M40",
        "tempo_ufficiale":3208,
        "codice_gara":"20",
        "id_master_ris":"65878-826",
        "data_nascita":"1975-04-11T00:00:00Z",
        "denominazione":"Flaminio Sporting Club",
        "id":"65878",
        "id_tipo_cronometraggio":2,
        "descrizione_breve":"50 DO",
        "id_comitato":0,
        "tipo_cronometraggio":"Automatico",
        "lunghezza":"25",
        "straniero":"ITA",
        "id_cp":0,
        "categoria":"Master 40",
        "nome":"FEDERICO",
        "id_turno":1,
        "id_atleta":632277,
        "id_tipo_gara":7,
        "batteria":0,
        "cittadinanza":"ITA",
        "descrizione":"6° Coppa Città di Follonica",
        "id_tipo_risultato":1,
        "stagione":2016,
        "sesso":"M",
        "gara":"50 Dorso",
        "sigla_comitato":"FIN",
        "id_lunghezza_vasca":1,
        "livello":"true",
        "_version_":1751349597330997249},
      {
        "piazzamento":0,
        "ordine":1,
        "lunghezza_vasca":"25m",
        "atleta":"MASCI FEDERICO",
        "corsia":0,
        "cognome":"MASCI",
        "luogo":"Follonica",
        "data_risultato":1489878000,
        "tempo_base":20749,
        "id_evento":3812,
        "id_categoria":"68",
        "id_societa":826,
        "turno":"Serie",
        "id_gara":185340,
        "update_time":"2018-11-04T13:17:37Z",
        "codice_fiscale":"MSCFRC75D11H501C",
        "descrizione_risultato":"Individuale",
        "sigla_categoria":"M40",
        "tempo_ufficiale":23552,
        "codice_gara":"22",
        "id_master_ris":"65800-826",
        "data_nascita":"1975-04-11T00:00:00Z",
        "denominazione":"Flaminio Sporting Club",
        "id":"65800",
        "id_tipo_cronometraggio":2,
        "descrizione_breve":"200 DO",
        "id_comitato":0,
        "tipo_cronometraggio":"Automatico",
        "lunghezza":"25",
        "straniero":"ITA",
        "id_cp":0,
        "categoria":"Master 40",
        "nome":"FEDERICO",
        "id_turno":1,
        "id_atleta":632277,
        "id_tipo_gara":9,
        "batteria":0,
        "cittadinanza":"ITA",
        "descrizione":"6° Coppa Città di Follonica",
        "id_tipo_risultato":1,
        "stagione":2016,
        "sesso":"M",
        "gara":"200 Dorso",
        "sigla_comitato":"FIN",
        "id_lunghezza_vasca":1,
        "livello":"true",
        "_version_":1751349597907714048},
      {
        "piazzamento":0,
        "ordine":1,
        "lunghezza_vasca":"25m",
        "atleta":"MASCI FEDERICO",
        "corsia":0,
        "cognome":"MASCI",
        "luogo":"Roma",
        "data_risultato":1492812000,
        "tempo_base":20749,
        "id_evento":3838,
        "id_categoria":"68",
        "id_societa":826,
        "turno":"Serie",
        "id_gara":185347,
        "update_time":"2018-11-04T13:17:37Z",
        "codice_fiscale":"MSCFRC75D11H501C",
        "descrizione_risultato":"Individuale",
        "sigla_categoria":"M40",
        "tempo_ufficiale":23270,
        "codice_gara":"22",
        "id_master_ris":"85850-826",
        "data_nascita":"1975-04-11T00:00:00Z",
        "denominazione":"Flaminio Sporting Club",
        "id":"85850",
        "id_tipo_cronometraggio":2,
        "descrizione_breve":"200 DO",
        "id_comitato":0,
        "tipo_cronometraggio":"Automatico",
        "lunghezza":"25",
        "straniero":"ITA",
        "id_cp":0,
        "categoria":"Master 40",
        "nome":"FEDERICO",
        "id_turno":1,
        "id_atleta":632277,
        "id_tipo_gara":9,
        "batteria":0,
        "cittadinanza":"ITA",
        "descrizione":"5° Trofeo AquAniene",
        "id_tipo_risultato":1,
        "stagione":2016,
        "sesso":"M",
        "gara":"200 Dorso",
        "sigla_comitato":"FIN",
        "id_lunghezza_vasca":1,
        "livello":"true",
        "_version_":1751349597907714049},
      {
        "piazzamento":0,
        "ordine":1,
        "lunghezza_vasca":"25m",
        "atleta":"MASCI FEDERICO",
        "corsia":0,
        "cognome":"MASCI",
        "luogo":"Roma",
        "data_risultato":1492812000,
        "tempo_base":2893,
        "id_evento":3838,
        "id_categoria":"68",
        "id_societa":826,
        "turno":"Serie",
        "id_gara":187088,
        "update_time":"2018-11-04T13:17:37Z",
        "codice_fiscale":"MSCFRC75D11H501C",
        "descrizione_risultato":"Individuale",
        "sigla_categoria":"M40",
        "tempo_ufficiale":3826,
        "codice_gara":"30",
        "id_master_ris":"86887-826",
        "data_nascita":"1975-04-11T00:00:00Z",
        "denominazione":"Flaminio Sporting Club",
        "id":"86887",
        "id_tipo_cronometraggio":2,
        "descrizione_breve":"50 RA",
        "id_comitato":0,
        "tipo_cronometraggio":"Automatico",
        "lunghezza":"25",
        "straniero":"ITA",
        "id_cp":0,
        "categoria":"Master 40",
        "nome":"FEDERICO",
        "id_turno":1,
        "id_atleta":632277,
        "id_tipo_gara":10,
        "batteria":0,
        "cittadinanza":"ITA",
        "descrizione":"5° Trofeo AquAniene",
        "id_tipo_risultato":1,
        "stagione":2016,
        "sesso":"M",
        "gara":"50 Rana",
        "sigla_comitato":"FIN",
        "id_lunghezza_vasca":1,
        "livello":"true",
        "_version_":1751349598385864706}]
  }}
