{
  "responseHeader":{
    "status":0,
    "QTime":0,
    "params":{
      "q":"*:*",
      "start":"160",
      "fq":["cognome: masci",
        "nome: federico"],
      "rows":"40"}},
  "response":{"numFound":238,"start":160,"docs":[
      {
        "piazzamento":0,
        "ordine":1,
        "lunghezza_vasca":"50m",
        "atleta":"MASCI FEDERICO",
        "corsia":0,
        "cognome":"MASCI",
        "luogo":"Roma",
        "data_risultato":1210975200,
        "tempo_base":43889,
        "id_evento":38016,
        "id_categoria":"64",
        "id_societa":2469,
        "turno":"Serie",
        "id_gara":578575,
        "update_time":"2018-11-04T14:15:49Z",
        "codice_fiscale":"MSCFRC75D11H501C",
        "descrizione_risultato":"Individuale",
        "sigla_categoria":"M30",
        "tempo_ufficiale":60090,
        "codice_gara":"54",
        "id_master_ris":"1053705-2469",
        "data_nascita":"1975-04-11T00:00:00Z",
        "denominazione":"Asd New Green Hill",
        "id":"1053705",
        "id_tipo_cronometraggio":2,
        "descrizione_breve":"400 MI",
        "id_comitato":0,
        "tipo_cronometraggio":"Automatico",
        "lunghezza":"50",
        "straniero":"ITA",
        "id_cp":0,
        "categoria":"Master 30",
        "nome":"FEDERICO",
        "id_turno":1,
        "id_atleta":632277,
        "id_tipo_gara":18,
        "batteria":0,
        "cittadinanza":"ITA",
        "descrizione":"6° Trofeo Larus Master",
        "id_tipo_risultato":1,
        "stagione":2007,
        "sesso":"M",
        "gara":"400 Misti",
        "sigla_comitato":"FIN",
        "id_lunghezza_vasca":2,
        "livello":"true",
        "_version_":1751349925290967041},
      {
        "piazzamento":0,
        "ordine":1,
        "lunghezza_vasca":"50m",
        "atleta":"MASCI FEDERICO",
        "corsia":0,
        "cognome":"MASCI",
        "luogo":"Roma",
        "data_risultato":1237676400,
        "tempo_base":40519,
        "id_evento":28713,
        "id_categoria":"64",
        "id_societa":2469,
        "turno":"Serie",
        "id_gara":551577,
        "update_time":"2018-11-04T14:11:37Z",
        "codice_fiscale":"MSCFRC75D11H501C",
        "descrizione_risultato":"Individuale",
        "sigla_categoria":"M30",
        "tempo_ufficiale":51466,
        "codice_gara":"04",
        "id_master_ris":"937550-2469",
        "data_nascita":"1975-04-11T00:00:00Z",
        "denominazione":"Asd New Green Hill",
        "id":"937550",
        "id_tipo_cronometraggio":2,
        "descrizione_breve":"400 SL",
        "id_comitato":0,
        "tipo_cronometraggio":"Automatico",
        "lunghezza":"50",
        "straniero":"ITA",
        "id_cp":0,
        "categoria":"Master 30",
        "nome":"FEDERICO",
        "id_turno":1,
        "id_atleta":632277,
        "id_tipo_gara":4,
        "batteria":0,
        "cittadinanza":"ITA",
        "descrizione":"Regionali Lazio",
        "id_tipo_risultato":1,
        "stagione":2008,
        "sesso":"M",
        "gara":"400 Stile Libero",
        "sigla_comitato":"FIN",
        "id_lunghezza_vasca":2,
        "livello":"true",
        "_version_":1751349875390283779},
      {
        "piazzamento":0,
        "ordine":1,
        "lunghezza_vasca":"50m",
        "atleta":"MASCI FEDERICO",
        "corsia":0,
        "cognome":"MASCI",
        "luogo":"Roma",
        "data_risultato":1227394800,
        "tempo_base":82626,
        "id_evento":28642,
        "id_categoria":"64",
        "id_societa":2469,
        "turno":"Serie",
        "id_gara":552136,
        "update_time":"2018-11-04T14:11:37Z",
        "codice_fiscale":"MSCFRC75D11H501C",
        "descrizione_risultato":"Individuale",
        "sigla_categoria":"M30",
        "tempo_ufficiale":111040,
        "codice_gara":"08",
        "id_master_ris":"905657-2469",
        "data_nascita":"1975-04-11T00:00:00Z",
        "denominazione":"Asd New Green Hill",
        "id":"905657",
        "id_tipo_cronometraggio":2,
        "descrizione_breve":"800 SL",
        "id_comitato":0,
        "tipo_cronometraggio":"Automatico",
        "lunghezza":"50",
        "straniero":"ITA",
        "id_cp":0,
        "categoria":"Master 30",
        "nome":"FEDERICO",
        "id_turno":1,
        "id_atleta":632277,
        "id_tipo_gara":5,
        "batteria":0,
        "cittadinanza":"ITA",
        "descrizione":"Distanze Speciali Lazio",
        "id_tipo_risultato":1,
        "stagione":2008,
        "sesso":"M",
        "gara":"800 Stile Libero",
        "sigla_comitato":"FIN",
        "id_lunghezza_vasca":2,
        "livello":"true",
        "_version_":1751349875499335682},
      {
        "piazzamento":0,
        "ordine":1,
        "lunghezza_vasca":"50m",
        "atleta":"MASCI FEDERICO",
        "corsia":0,
        "cognome":"MASCI",
        "luogo":"Roma",
        "data_risultato":1228604400,
        "tempo_base":20275,
        "id_evento":28648,
        "id_categoria":"64",
        "id_societa":2469,
        "turno":"Serie",
        "id_gara":555424,
        "update_time":"2018-11-04T14:11:37Z",
        "codice_fiscale":"MSCFRC75D11H501C",
        "descrizione_risultato":"Individuale",
        "sigla_categoria":"M30",
        "tempo_ufficiale":24579,
        "codice_gara":"22",
        "id_master_ris":"908478-2469",
        "data_nascita":"1975-04-11T00:00:00Z",
        "denominazione":"Asd New Green Hill",
        "id":"908478",
        "id_tipo_cronometraggio":2,
        "descrizione_breve":"200 DO",
        "id_comitato":0,
        "tipo_cronometraggio":"Automatico",
        "lunghezza":"50",
        "straniero":"ITA",
        "id_cp":0,
        "categoria":"Master 30",
        "nome":"FEDERICO",
        "id_turno":1,
        "id_atleta":632277,
        "id_tipo_gara":9,
        "batteria":0,
        "cittadinanza":"ITA",
        "descrizione":"11° Memorial Grisanti",
        "id_tipo_risultato":1,
        "stagione":2008,
        "sesso":"M",
        "gara":"200 Dorso",
        "sigla_comitato":"FIN",
        "id_lunghezza_vasca":2,
        "livello":"true",
        "_version_":1751349875962806275},
      {
        "piazzamento":0,
        "ordine":1,
        "lunghezza_vasca":"50m",
        "atleta":"MASCI FEDERICO",
        "corsia":0,
        "cognome":"MASCI",
        "luogo":"Roma",
        "data_risultato":1228604400,
        "tempo_base":5614,
        "id_evento":28648,
        "id_categoria":"64",
        "id_societa":2469,
        "turno":"Serie",
        "id_gara":560792,
        "update_time":"2018-11-04T14:11:37Z",
        "codice_fiscale":"MSCFRC75D11H501C",
        "descrizione_risultato":"Individuale",
        "sigla_categoria":"M30",
        "tempo_ufficiale":11596,
        "codice_gara":"41",
        "id_master_ris":"908027-2469",
        "data_nascita":"1975-04-11T00:00:00Z",
        "denominazione":"Asd New Green Hill",
        "id":"908027",
        "id_tipo_cronometraggio":2,
        "descrizione_breve":"100 FA",
        "id_comitato":0,
        "tipo_cronometraggio":"Automatico",
        "lunghezza":"50",
        "straniero":"ITA",
        "id_cp":0,
        "categoria":"Master 30",
        "nome":"FEDERICO",
        "id_turno":1,
        "id_atleta":632277,
        "id_tipo_gara":14,
        "batteria":0,
        "cittadinanza":"ITA",
        "descrizione":"11° Memorial Grisanti",
        "id_tipo_risultato":1,
        "stagione":2008,
        "sesso":"M",
        "gara":"100 Farfalla",
        "sigla_comitato":"FIN",
        "id_lunghezza_vasca":2,
        "livello":"true",
        "_version_":1751349876857241600},
      {
        "piazzamento":0,
        "ordine":1,
        "lunghezza_vasca":"50m",
        "atleta":"MASCI FEDERICO",
        "corsia":0,
        "cognome":"MASCI",
        "luogo":"Roma",
        "data_risultato":1237676400,
        "tempo_base":43836,
        "id_evento":28713,
        "id_categoria":"64",
        "id_societa":2469,
        "turno":"Serie",
        "id_gara":563198,
        "update_time":"2018-11-04T14:11:37Z",
        "codice_fiscale":"MSCFRC75D11H501C",
        "descrizione_risultato":"Individuale",
        "sigla_categoria":"M30",
        "tempo_ufficiale":54940,
        "codice_gara":"54",
        "id_master_ris":"937547-2469",
        "data_nascita":"1975-04-11T00:00:00Z",
        "denominazione":"Asd New Green Hill",
        "id":"937547",
        "id_tipo_cronometraggio":2,
        "descrizione_breve":"400 MI",
        "id_comitato":0,
        "tipo_cronometraggio":"Automatico",
        "lunghezza":"50",
        "straniero":"ITA",
        "id_cp":0,
        "categoria":"Master 30",
        "nome":"FEDERICO",
        "id_turno":1,
        "id_atleta":632277,
        "id_tipo_gara":18,
        "batteria":0,
        "cittadinanza":"ITA",
        "descrizione":"Regionali Lazio",
        "id_tipo_risultato":1,
        "stagione":2008,
        "sesso":"M",
        "gara":"400 Misti",
        "sigla_comitato":"FIN",
        "id_lunghezza_vasca":2,
        "livello":"true",
        "_version_":1751349877011382272},
      {
        "piazzamento":0,
        "ordine":1,
        "lunghezza_vasca":"50m",
        "atleta":"MASCI FEDERICO",
        "corsia":0,
        "cognome":"MASCI",
        "luogo":"Roma",
        "data_risultato":1196550000,
        "tempo_base":15404,
        "id_evento":37869,
        "id_categoria":"64",
        "id_societa":2469,
        "turno":"Serie",
        "id_gara":566842,
        "update_time":"2018-11-04T14:13:00Z",
        "codice_fiscale":"MSCFRC75D11H501C",
        "descrizione_risultato":"Individuale",
        "sigla_categoria":"M30",
        "tempo_ufficiale":23303,
        "codice_gara":"02",
        "id_master_ris":"997726-2469",
        "data_nascita":"1975-04-11T00:00:00Z",
        "denominazione":"Asd New Green Hill",
        "id":"997726",
        "id_tipo_cronometraggio":2,
        "descrizione_breve":"200 SL",
        "id_comitato":0,
        "tipo_cronometraggio":"Automatico",
        "lunghezza":"50",
        "straniero":"ITA",
        "id_cp":0,
        "categoria":"Master 30",
        "nome":"FEDERICO",
        "id_turno":1,
        "id_atleta":632277,
        "id_tipo_gara":3,
        "batteria":0,
        "cittadinanza":"ITA",
        "descrizione":"10° Memorial Grisanti",
        "id_tipo_risultato":1,
        "stagione":2007,
        "sesso":"M",
        "gara":"200 Stile Libero",
        "sigla_comitato":"FIN",
        "id_lunghezza_vasca":2,
        "livello":"true",
        "_version_":1751349880834490369},
      {
        "piazzamento":0,
        "ordine":1,
        "lunghezza_vasca":"50m",
        "atleta":"MASCI FEDERICO",
        "corsia":0,
        "cognome":"MASCI",
        "luogo":"Roma",
        "data_risultato":1196550000,
        "tempo_base":5614,
        "id_evento":37869,
        "id_categoria":"64",
        "id_societa":2469,
        "turno":"Serie",
        "id_gara":576281,
        "update_time":"2018-11-04T14:13:00Z",
        "codice_fiscale":"MSCFRC75D11H501C",
        "descrizione_risultato":"Individuale",
        "sigla_categoria":"M30",
        "tempo_ufficiale":11738,
        "codice_gara":"41",
        "id_master_ris":"997728-2469",
        "data_nascita":"1975-04-11T00:00:00Z",
        "denominazione":"Asd New Green Hill",
        "id":"997728",
        "id_tipo_cronometraggio":2,
        "descrizione_breve":"100 FA",
        "id_comitato":0,
        "tipo_cronometraggio":"Automatico",
        "lunghezza":"50",
        "straniero":"ITA",
        "id_cp":0,
        "categoria":"Master 30",
        "nome":"FEDERICO",
        "id_turno":1,
        "id_atleta":632277,
        "id_tipo_gara":14,
        "batteria":0,
        "cittadinanza":"ITA",
        "descrizione":"10° Memorial Grisanti",
        "id_tipo_risultato":1,
        "stagione":2007,
        "sesso":"M",
        "gara":"100 Farfalla",
        "sigla_comitato":"FIN",
        "id_lunghezza_vasca":2,
        "livello":"true",
        "_version_":1751349881271746561},
      {
        "piazzamento":0,
        "ordine":1,
        "lunghezza_vasca":"25m",
        "atleta":"MASCI FEDERICO",
        "corsia":0,
        "cognome":"MASCI",
        "luogo":"Viterbo",
        "data_risultato":1243116000,
        "tempo_base":2554,
        "id_evento":28799,
        "id_categoria":"64",
        "id_societa":2469,
        "turno":"Serie",
        "id_gara":553551,
        "update_time":"2018-11-04T14:13:00Z",
        "codice_fiscale":"MSCFRC75D11H501C",
        "descrizione_risultato":"Individuale",
        "sigla_categoria":"M30",
        "tempo_ufficiale":3372,
        "codice_gara":"20",
        "id_master_ris":"970231-2469",
        "data_nascita":"1975-04-11T00:00:00Z",
        "denominazione":"Asd New Green Hill",
        "id":"970231",
        "id_tipo_cronometraggio":2,
        "descrizione_breve":"50 DO",
        "id_comitato":0,
        "tipo_cronometraggio":"Automatico",
        "lunghezza":"25",
        "straniero":"ITA",
        "id_cp":0,
        "categoria":"Master 30",
        "nome":"FEDERICO",
        "id_turno":1,
        "id_atleta":632277,
        "id_tipo_gara":7,
        "batteria":0,
        "cittadinanza":"ITA",
        "descrizione":"6° Trofeo Larus Master",
        "id_tipo_risultato":1,
        "stagione":2008,
        "sesso":"M",
        "gara":"50 Dorso",
        "sigla_comitato":"FIN",
        "id_lunghezza_vasca":1,
        "livello":"true",
        "_version_":1751349884895625218},
      {
        "piazzamento":0,
        "ordine":1,
        "lunghezza_vasca":"25m",
        "atleta":"MASCI FEDERICO",
        "corsia":0,
        "cognome":"MASCI",
        "luogo":"Viterbo",
        "data_risultato":1243116000,
        "tempo_base":42674,
        "id_evento":28799,
        "id_categoria":"64",
        "id_societa":2469,
        "turno":"Serie",
        "id_gara":563207,
        "update_time":"2018-11-04T14:13:00Z",
        "codice_fiscale":"MSCFRC75D11H501C",
        "descrizione_risultato":"Individuale",
        "sigla_categoria":"M30",
        "tempo_ufficiale":54320,
        "codice_gara":"54",
        "id_master_ris":"970232-2469",
        "data_nascita":"1975-04-11T00:00:00Z",
        "denominazione":"Asd New Green Hill",
        "id":"970232",
        "id_tipo_cronometraggio":2,
        "descrizione_breve":"400 MI",
        "id_comitato":0,
        "tipo_cronometraggio":"Automatico",
        "lunghezza":"25",
        "straniero":"ITA",
        "id_cp":0,
        "categoria":"Master 30",
        "nome":"FEDERICO",
        "id_turno":1,
        "id_atleta":632277,
        "id_tipo_gara":18,
        "batteria":0,
        "cittadinanza":"ITA",
        "descrizione":"6° Trofeo Larus Master",
        "id_tipo_risultato":1,
        "stagione":2008,
        "sesso":"M",
        "gara":"400 Misti",
        "sigla_comitato":"FIN",
        "id_lunghezza_vasca":1,
        "livello":"true",
        "_version_":1751349887064080385},
      {
        "piazzamento":0,
        "ordine":1,
        "lunghezza_vasca":"50m",
        "atleta":"MASCI FEDERICO",
        "corsia":0,
        "cognome":"MASCI",
        "luogo":"Roma",
        "data_risultato":1077318000,
        "tempo_base":2868,
        "id_evento":104009,
        "id_categoria":"62",
        "id_societa":516,
        "turno":"Serie",
        "id_gara":981620,
        "update_time":"2018-11-04T14:23:15Z",
        "codice_fiscale":"MSCFRC75D11H501C",
        "descrizione_risultato":"Individuale",
        "sigla_categoria":"M25",
        "tempo_ufficiale":4037,
        "codice_gara":"30",
        "id_master_ris":"1801417-516",
        "data_nascita":"1975-04-11T00:00:00Z",
        "denominazione":"Due Ponti ssd",
        "id":"1801417",
        "id_tipo_cronometraggio":2,
        "descrizione_breve":"50 RA",
        "id_comitato":0,
        "tipo_cronometraggio":"Automatico",
        "lunghezza":"50",
        "straniero":"ITA",
        "id_cp":0,
        "categoria":"Master 25",
        "nome":"FEDERICO",
        "id_turno":1,
        "id_atleta":632277,
        "id_tipo_gara":10,
        "batteria":0,
        "cittadinanza":"ITA",
        "descrizione":"Regionali Lazio",
        "id_tipo_risultato":1,
        "stagione":2003,
        "sesso":"M",
        "gara":"50 Rana",
        "sigla_comitato":"FIN",
        "id_lunghezza_vasca":2,
        "livello":"true",
        "_version_":1751350000128884738},
      {
        "piazzamento":0,
        "ordine":1,
        "lunghezza_vasca":"50m",
        "atleta":"MASCI FEDERICO",
        "corsia":0,
        "cognome":"MASCI",
        "luogo":"Roma",
        "data_risultato":1077318000,
        "tempo_base":2488,
        "id_evento":104009,
        "id_categoria":"62",
        "id_societa":516,
        "turno":"Serie",
        "id_gara":983656,
        "update_time":"2018-11-04T14:23:15Z",
        "codice_fiscale":"MSCFRC75D11H501C",
        "descrizione_risultato":"Individuale",
        "sigla_categoria":"M25",
        "tempo_ufficiale":3351,
        "codice_gara":"40",
        "id_master_ris":"1801419-516",
        "data_nascita":"1975-04-11T00:00:00Z",
        "denominazione":"Due Ponti ssd",
        "id":"1801419",
        "id_tipo_cronometraggio":2,
        "descrizione_breve":"50 FA",
        "id_comitato":0,
        "tipo_cronometraggio":"Automatico",
        "lunghezza":"50",
        "straniero":"ITA",
        "id_cp":0,
        "categoria":"Master 25",
        "nome":"FEDERICO",
        "id_turno":1,
        "id_atleta":632277,
        "id_tipo_gara":13,
        "batteria":0,
        "cittadinanza":"ITA",
        "descrizione":"Regionali Lazio",
        "id_tipo_risultato":1,
        "stagione":2003,
        "sesso":"M",
        "gara":"50 Farfalla",
        "sigla_comitato":"FIN",
        "id_lunghezza_vasca":2,
        "livello":"true",
        "_version_":1751350000638492672},
      {
        "piazzamento":0,
        "ordine":1,
        "lunghezza_vasca":"50m",
        "atleta":"MASCI FEDERICO",
        "corsia":0,
        "cognome":"MASCI",
        "luogo":"Roma",
        "data_risultato":1108854000,
        "tempo_base":5724,
        "id_evento":103966,
        "id_categoria":"64",
        "id_societa":489,
        "turno":"Serie",
        "id_gara":969974,
        "update_time":"2018-11-04T14:23:15Z",
        "codice_fiscale":"MSCFRC75D11H501C",
        "descrizione_risultato":"Individuale",
        "sigla_categoria":"M30",
        "tempo_ufficiale":12005,
        "codice_gara":"21",
        "id_master_ris":"1759170-489",
        "data_nascita":"1975-04-11T00:00:00Z",
        "denominazione":"Aria Sport ssd",
        "id":"1759170",
        "id_tipo_cronometraggio":2,
        "descrizione_breve":"100 DO",
        "id_comitato":0,
        "tipo_cronometraggio":"Automatico",
        "lunghezza":"50",
        "straniero":"ITA",
        "id_cp":0,
        "categoria":"Master 30",
        "nome":"FEDERICO",
        "id_turno":1,
        "id_atleta":632277,
        "id_tipo_gara":8,
        "batteria":0,
        "cittadinanza":"ITA",
        "descrizione":"CAMP.REG.LAZIO",
        "id_tipo_risultato":1,
        "stagione":2004,
        "sesso":"M",
        "gara":"100 Dorso",
        "sigla_comitato":"FIN",
        "id_lunghezza_vasca":2,
        "livello":"true",
        "_version_":1751350004050558976},
      {
        "piazzamento":0,
        "ordine":1,
        "lunghezza_vasca":"50m",
        "atleta":"MASCI FEDERICO",
        "corsia":0,
        "cognome":"MASCI",
        "luogo":"Città di Castello",
        "data_risultato":1243116000,
        "tempo_base":20275,
        "id_evento":28805,
        "id_categoria":"64",
        "id_societa":2469,
        "turno":"Serie",
        "id_gara":555459,
        "update_time":"2018-11-04T14:13:00Z",
        "codice_fiscale":"MSCFRC75D11H501C",
        "descrizione_risultato":"Individuale",
        "sigla_categoria":"M30",
        "tempo_ufficiale":24141,
        "codice_gara":"22",
        "id_master_ris":"972575-2469",
        "data_nascita":"1975-04-11T00:00:00Z",
        "denominazione":"Asd New Green Hill",
        "id":"972575",
        "id_tipo_cronometraggio":2,
        "descrizione_breve":"200 DO",
        "id_comitato":0,
        "tipo_cronometraggio":"Automatico",
        "lunghezza":"50",
        "straniero":"ITA",
        "id_cp":0,
        "categoria":"Master 30",
        "nome":"FEDERICO",
        "id_turno":1,
        "id_atleta":632277,
        "id_tipo_gara":9,
        "batteria":0,
        "cittadinanza":"ITA",
        "descrizione":"25° Meeting Galluzzi",
        "id_tipo_risultato":1,
        "stagione":2008,
        "sesso":"M",
        "gara":"200 Dorso",
        "sigla_comitato":"FIN",
        "id_lunghezza_vasca":2,
        "livello":"true",
        "_version_":1751349891720806400},
      {
        "piazzamento":0,
        "ordine":1,
        "lunghezza_vasca":"50m",
        "atleta":"MASCI FEDERICO",
        "corsia":0,
        "cognome":"MASCI",
        "luogo":"Città di Castello",
        "data_risultato":1243116000,
        "tempo_base":43836,
        "id_evento":28805,
        "id_categoria":"64",
        "id_societa":2469,
        "turno":"Serie",
        "id_gara":563208,
        "update_time":"2018-11-04T14:13:00Z",
        "codice_fiscale":"MSCFRC75D11H501C",
        "descrizione_risultato":"Individuale",
        "sigla_categoria":"M30",
        "tempo_ufficiale":54871,
        "codice_gara":"54",
        "id_master_ris":"972576-2469",
        "data_nascita":"1975-04-11T00:00:00Z",
        "denominazione":"Asd New Green Hill",
        "id":"972576",
        "id_tipo_cronometraggio":2,
        "descrizione_breve":"400 MI",
        "id_comitato":0,
        "tipo_cronometraggio":"Automatico",
        "lunghezza":"50",
        "straniero":"ITA",
        "id_cp":0,
        "categoria":"Master 30",
        "nome":"FEDERICO",
        "id_turno":1,
        "id_atleta":632277,
        "id_tipo_gara":18,
        "batteria":0,
        "cittadinanza":"ITA",
        "descrizione":"25° Meeting Galluzzi",
        "id_tipo_risultato":1,
        "stagione":2008,
        "sesso":"M",
        "gara":"400 Misti",
        "sigla_comitato":"FIN",
        "id_lunghezza_vasca":2,
        "livello":"true",
        "_version_":1751349893431033859},
      {
        "piazzamento":0,
        "ordine":1,
        "lunghezza_vasca":"25m",
        "atleta":"MASCI FEDERICO",
        "corsia":0,
        "cognome":"MASCI",
        "luogo":"Roma",
        "data_risultato":1206745200,
        "tempo_base":2276,
        "id_evento":37973,
        "id_categoria":"64",
        "id_societa":2469,
        "turno":"Serie",
        "id_gara":564273,
        "update_time":"2018-11-04T14:14:25Z",
        "codice_fiscale":"MSCFRC75D11H501C",
        "descrizione_risultato":"Individuale",
        "sigla_categoria":"M30",
        "tempo_ufficiale":2915,
        "codice_gara":"00",
        "id_master_ris":"1040287-2469",
        "data_nascita":"1975-04-11T00:00:00Z",
        "denominazione":"Asd New Green Hill",
        "id":"1040287",
        "id_tipo_cronometraggio":2,
        "descrizione_breve":"50 SL",
        "id_comitato":0,
        "tipo_cronometraggio":"Automatico",
        "lunghezza":"25",
        "straniero":"ITA",
        "id_cp":0,
        "categoria":"Master 30",
        "nome":"FEDERICO",
        "id_turno":1,
        "id_atleta":632277,
        "id_tipo_gara":1,
        "batteria":0,
        "cittadinanza":"ITA",
        "descrizione":"1° Trf Nantes Ostiensis",
        "id_tipo_risultato":1,
        "stagione":2007,
        "sesso":"M",
        "gara":"50 Stile Libero",
        "sigla_comitato":"FIN",
        "id_lunghezza_vasca":1,
        "livello":"true",
        "_version_":1751349896973123586},
      {
        "piazzamento":0,
        "ordine":1,
        "lunghezza_vasca":"25m",
        "atleta":"MASCI FEDERICO",
        "corsia":0,
        "cognome":"MASCI",
        "luogo":"Roma",
        "data_risultato":1200178800,
        "tempo_base":2830,
        "id_evento":37895,
        "id_categoria":"64",
        "id_societa":2469,
        "turno":"Serie",
        "id_gara":572287,
        "update_time":"2018-11-04T14:14:25Z",
        "codice_fiscale":"MSCFRC75D11H501C",
        "descrizione_risultato":"Individuale",
        "sigla_categoria":"M30",
        "tempo_ufficiale":3888,
        "codice_gara":"30",
        "id_master_ris":"1009096-2469",
        "data_nascita":"1975-04-11T00:00:00Z",
        "denominazione":"Asd New Green Hill",
        "id":"1009096",
        "id_tipo_cronometraggio":2,
        "descrizione_breve":"50 RA",
        "id_comitato":0,
        "tipo_cronometraggio":"Automatico",
        "lunghezza":"25",
        "straniero":"ITA",
        "id_cp":0,
        "categoria":"Master 30",
        "nome":"FEDERICO",
        "id_turno":1,
        "id_atleta":632277,
        "id_tipo_gara":10,
        "batteria":0,
        "cittadinanza":"ITA",
        "descrizione":"8° Trofeo Forum Sprint",
        "id_tipo_risultato":1,
        "stagione":2007,
        "sesso":"M",
        "gara":"50 Rana",
        "sigla_comitato":"FIN",
        "id_lunghezza_vasca":1,
        "livello":"true",
        "_version_":1751349901328908290},
      {
        "piazzamento":0,
        "ordine":1,
        "lunghezza_vasca":"25m",
        "atleta":"MASCI FEDERICO",
        "corsia":0,
        "cognome":"MASCI",
        "luogo":"Firenze",
        "data_risultato":1205535600,
        "tempo_base":10162,
        "id_evento":37950,
        "id_categoria":"64",
        "id_societa":2469,
        "turno":"Serie",
        "id_gara":573577,
        "update_time":"2018-11-04T14:14:25Z",
        "codice_fiscale":"MSCFRC75D11H501C",
        "descrizione_risultato":"Individuale",
        "sigla_categoria":"M30",
        "tempo_ufficiale":12580,
        "codice_gara":"31",
        "id_master_ris":"1031978-2469",
        "data_nascita":"1975-04-11T00:00:00Z",
        "denominazione":"Asd New Green Hill",
        "id":"1031978",
        "id_tipo_cronometraggio":2,
        "descrizione_breve":"100 RA",
        "id_comitato":0,
        "tipo_cronometraggio":"Automatico",
        "lunghezza":"25",
        "straniero":"ITA",
        "id_cp":0,
        "categoria":"Master 30",
        "nome":"FEDERICO",
        "id_turno":1,
        "id_atleta":632277,
        "id_tipo_gara":11,
        "batteria":0,
        "cittadinanza":"ITA",
        "descrizione":"14° Meeting Città di Firenze",
        "id_tipo_risultato":1,
        "stagione":2007,
        "sesso":"M",
        "gara":"100 Rana",
        "sigla_comitato":"FIN",
        "id_lunghezza_vasca":1,
        "livello":"true",
        "_version_":1751349902169866242},
      {
        "piazzamento":0,
        "ordine":1,
        "lunghezza_vasca":"25m",
        "atleta":"MASCI FEDERICO",
        "corsia":0,
        "cognome":"MASCI",
        "luogo":"Roma",
        "data_risultato":1200178800,
        "tempo_base":5636,
        "id_evento":37895,
        "id_categoria":"64",
        "id_societa":2469,
        "turno":"Serie",
        "id_gara":577345,
        "update_time":"2018-11-04T14:14:25Z",
        "codice_fiscale":"MSCFRC75D11H501C",
        "descrizione_risultato":"Individuale",
        "sigla_categoria":"M30",
        "tempo_ufficiale":11427,
        "codice_gara":"51",
        "id_master_ris":"1008222-2469",
        "data_nascita":"1975-04-11T00:00:00Z",
        "denominazione":"Asd New Green Hill",
        "id":"1008222",
        "id_tipo_cronometraggio":2,
        "descrizione_breve":"100 MI",
        "id_comitato":0,
        "tipo_cronometraggio":"Automatico",
        "lunghezza":"25",
        "straniero":"ITA",
        "id_cp":0,
        "categoria":"Master 30",
        "nome":"FEDERICO",
        "id_turno":1,
        "id_atleta":632277,
        "id_tipo_gara":16,
        "batteria":0,
        "cittadinanza":"ITA",
        "descrizione":"8° Trofeo Forum Sprint",
        "id_tipo_risultato":1,
        "stagione":2007,
        "sesso":"M",
        "gara":"100 Misti",
        "sigla_comitato":"FIN",
        "id_lunghezza_vasca":1,
        "livello":"true",
        "_version_":1751349904142237696},
      {
        "piazzamento":0,
        "ordine":1,
        "lunghezza_vasca":"50m",
        "atleta":"MASCI FEDERICO",
        "corsia":0,
        "cognome":"MASCI",
        "luogo":"Roma",
        "data_risultato":1202511600,
        "tempo_base":5614,
        "id_evento":37909,
        "id_categoria":"64",
        "id_societa":2469,
        "turno":"Serie",
        "id_gara":576290,
        "update_time":"2018-11-04T14:14:25Z",
        "codice_fiscale":"MSCFRC75D11H501C",
        "descrizione_risultato":"Individuale",
        "sigla_categoria":"M30",
        "tempo_ufficiale":11507,
        "codice_gara":"41",
        "id_master_ris":"1014321-2469",
        "data_nascita":"1975-04-11T00:00:00Z",
        "denominazione":"Asd New Green Hill",
        "id":"1014321",
        "id_tipo_cronometraggio":2,
        "descrizione_breve":"100 FA",
        "id_comitato":0,
        "tipo_cronometraggio":"Automatico",
        "lunghezza":"50",
        "straniero":"ITA",
        "id_cp":0,
        "categoria":"Master 30",
        "nome":"FEDERICO",
        "id_turno":1,
        "id_atleta":632277,
        "id_tipo_gara":14,
        "batteria":0,
        "cittadinanza":"ITA",
        "descrizione":"Regionali Lazio",
        "id_tipo_risultato":1,
        "stagione":2007,
        "sesso":"M",
        "gara":"100 Farfalla",
        "sigla_comitato":"FIN",
        "id_lunghezza_vasca":2,
        "livello":"true",
        "_version_":1751349909289697281},
      {
        "piazzamento":0,
        "ordine":1,
        "lunghezza_vasca":"50m",
        "atleta":"MASCI FEDERICO",
        "corsia":0,
        "cognome":"MASCI",
        "luogo":"Roma",
        "data_risultato":1202511600,
        "tempo_base":43889,
        "id_evento":37909,
        "id_categoria":"64",
        "id_societa":2469,
        "turno":"Serie",
        "id_gara":578562,
        "update_time":"2018-11-04T14:14:25Z",
        "codice_fiscale":"MSCFRC75D11H501C",
        "descrizione_risultato":"Individuale",
        "sigla_categoria":"M30",
        "tempo_ufficiale":55363,
        "codice_gara":"54",
        "id_master_ris":"1014322-2469",
        "data_nascita":"1975-04-11T00:00:00Z",
        "denominazione":"Asd New Green Hill",
        "id":"1014322",
        "id_tipo_cronometraggio":2,
        "descrizione_breve":"400 MI",
        "id_comitato":0,
        "tipo_cronometraggio":"Automatico",
        "lunghezza":"50",
        "straniero":"ITA",
        "id_cp":0,
        "categoria":"Master 30",
        "nome":"FEDERICO",
        "id_turno":1,
        "id_atleta":632277,
        "id_tipo_gara":18,
        "batteria":0,
        "cittadinanza":"ITA",
        "descrizione":"Regionali Lazio",
        "id_tipo_risultato":1,
        "stagione":2007,
        "sesso":"M",
        "gara":"400 Misti",
        "sigla_comitato":"FIN",
        "id_lunghezza_vasca":2,
        "livello":"true",
        "_version_":1751349909454323713},
      {
        "piazzamento":0,
        "ordine":1,
        "lunghezza_vasca":"50m",
        "atleta":"MASCI FEDERICO",
        "corsia":0,
        "cognome":"MASCI",
        "luogo":"Citta\\' di Castello",
        "data_risultato":1085263200,
        "tempo_base":2868,
        "id_evento":104048,
        "id_categoria":"62",
        "id_societa":516,
        "turno":"Serie",
        "id_gara":981649,
        "update_time":"2018-11-04T14:24:46Z",
        "codice_fiscale":"MSCFRC75D11H501C",
        "descrizione_risultato":"Individuale",
        "sigla_categoria":"M25",
        "tempo_ufficiale":4121,
        "codice_gara":"30",
        "id_master_ris":"1830958-516",
        "data_nascita":"1975-04-11T00:00:00Z",
        "denominazione":"Due Ponti ssd",
        "id":"1830958",
        "id_tipo_cronometraggio":2,
        "descrizione_breve":"50 RA",
        "id_comitato":0,
        "tipo_cronometraggio":"Automatico",
        "lunghezza":"50",
        "straniero":"ITA",
        "id_cp":0,
        "categoria":"Master 25",
        "nome":"FEDERICO",
        "id_turno":1,
        "id_atleta":632277,
        "id_tipo_gara":10,
        "batteria":0,
        "cittadinanza":"ITA",
        "descrizione":"20° Meeting Galluzzi",
        "id_tipo_risultato":1,
        "stagione":2003,
        "sesso":"M",
        "gara":"50 Rana",
        "sigla_comitato":"FIN",
        "id_lunghezza_vasca":2,
        "livello":"true",
        "_version_":1751350020092723202},
      {
        "piazzamento":0,
        "ordine":1,
        "lunghezza_vasca":"50m",
        "atleta":"MASCI FEDERICO",
        "corsia":0,
        "cognome":"MASCI",
        "luogo":"Citta\\' di Castello",
        "data_risultato":1085263200,
        "tempo_base":2488,
        "id_evento":104048,
        "id_categoria":"62",
        "id_societa":516,
        "turno":"Serie",
        "id_gara":983687,
        "update_time":"2018-11-04T14:24:46Z",
        "codice_fiscale":"MSCFRC75D11H501C",
        "descrizione_risultato":"Individuale",
        "sigla_categoria":"M25",
        "tempo_ufficiale":3407,
        "codice_gara":"40",
        "id_master_ris":"1830960-516",
        "data_nascita":"1975-04-11T00:00:00Z",
        "denominazione":"Due Ponti ssd",
        "id":"1830960",
        "id_tipo_cronometraggio":2,
        "descrizione_breve":"50 FA",
        "id_comitato":0,
        "tipo_cronometraggio":"Automatico",
        "lunghezza":"50",
        "straniero":"ITA",
        "id_cp":0,
        "categoria":"Master 25",
        "nome":"FEDERICO",
        "id_turno":1,
        "id_atleta":632277,
        "id_tipo_gara":13,
        "batteria":0,
        "cittadinanza":"ITA",
        "descrizione":"20° Meeting Galluzzi",
        "id_tipo_risultato":1,
        "stagione":2003,
        "sesso":"M",
        "gara":"50 Farfalla",
        "sigla_comitato":"FIN",
        "id_lunghezza_vasca":2,
        "livello":"true",
        "_version_":1751350020799463426},
      {
        "piazzamento":0,
        "ordine":1,
        "lunghezza_vasca":"50m",
        "atleta":"MASCI FEDERICO",
        "corsia":0,
        "cognome":"MASCI",
        "luogo":"Roma Larus",
        "data_risultato":1115503200,
        "tempo_base":2664,
        "id_evento":103952,
        "id_categoria":"64",
        "id_societa":489,
        "turno":"Serie",
        "id_gara":969111,
        "update_time":"2018-11-04T14:21:45Z",
        "codice_fiscale":"MSCFRC75D11H501C",
        "descrizione_risultato":"Individuale",
        "sigla_categoria":"M30",
        "tempo_ufficiale":3751,
        "codice_gara":"20",
        "id_master_ris":"1745320-489",
        "data_nascita":"1975-04-11T00:00:00Z",
        "denominazione":"Aria Sport ssd",
        "id":"1745320",
        "id_tipo_cronometraggio":2,
        "descrizione_breve":"50 DO",
        "id_comitato":0,
        "tipo_cronometraggio":"Automatico",
        "lunghezza":"50",
        "straniero":"ITA",
        "id_cp":0,
        "categoria":"Master 30",
        "nome":"FEDERICO",
        "id_turno":1,
        "id_atleta":632277,
        "id_tipo_gara":7,
        "batteria":0,
        "cittadinanza":"ITA",
        "descrizione":"2° Trofeo Larus Master",
        "id_tipo_risultato":1,
        "stagione":2004,
        "sesso":"M",
        "gara":"50 Dorso",
        "sigla_comitato":"FIN",
        "id_lunghezza_vasca":2,
        "livello":"true",
        "_version_":1751349986826649602},
      {
        "piazzamento":0,
        "ordine":1,
        "lunghezza_vasca":"50m",
        "atleta":"MASCI FEDERICO",
        "corsia":0,
        "cognome":"MASCI",
        "luogo":"Roma Larus",
        "data_risultato":1115503200,
        "tempo_base":20889,
        "id_evento":103952,
        "id_categoria":"64",
        "id_societa":489,
        "turno":"Serie",
        "id_gara":975484,
        "update_time":"2018-11-04T14:21:45Z",
        "codice_fiscale":"MSCFRC75D11H501C",
        "descrizione_risultato":"Individuale",
        "sigla_categoria":"M30",
        "tempo_ufficiale":25544,
        "codice_gara":"52",
        "id_master_ris":"1745316-489",
        "data_nascita":"1975-04-11T00:00:00Z",
        "denominazione":"Aria Sport ssd",
        "id":"1745316",
        "id_tipo_cronometraggio":2,
        "descrizione_breve":"200 MI",
        "id_comitato":0,
        "tipo_cronometraggio":"Automatico",
        "lunghezza":"50",
        "straniero":"ITA",
        "id_cp":0,
        "categoria":"Master 30",
        "nome":"FEDERICO",
        "id_turno":1,
        "id_atleta":632277,
        "id_tipo_gara":17,
        "batteria":0,
        "cittadinanza":"ITA",
        "descrizione":"2° Trofeo Larus Master",
        "id_tipo_risultato":1,
        "stagione":2004,
        "sesso":"M",
        "gara":"200 Misti",
        "sigla_comitato":"FIN",
        "id_lunghezza_vasca":2,
        "livello":"true",
        "_version_":1751349988967841792},
      {
        "piazzamento":0,
        "ordine":1,
        "lunghezza_vasca":"50m",
        "atleta":"MASCI FEDERICO",
        "corsia":0,
        "cognome":"MASCI",
        "luogo":"ROMA",
        "data_risultato":1012604400,
        "tempo_base":20586,
        "id_evento":104140,
        "id_categoria":"62",
        "id_societa":804,
        "turno":"Serie",
        "id_gara":998988,
        "update_time":"2018-11-04T14:27:54Z",
        "codice_fiscale":"MSCFRC75D11H501C",
        "descrizione_risultato":"Individuale",
        "sigla_categoria":"M25",
        "tempo_ufficiale":25720,
        "codice_gara":"22",
        "id_master_ris":"1917002-804",
        "data_nascita":"1975-04-11T00:00:00Z",
        "denominazione":"Club Nuoto Rieti asd",
        "id":"1917002",
        "id_tipo_cronometraggio":1,
        "descrizione_breve":"200 DO",
        "id_comitato":0,
        "tipo_cronometraggio":"Manuale",
        "lunghezza":"50",
        "straniero":"ITA",
        "id_cp":0,
        "categoria":"Master 25",
        "nome":"FEDERICO",
        "id_turno":1,
        "id_atleta":632277,
        "id_tipo_gara":9,
        "batteria":0,
        "cittadinanza":"ITA",
        "descrizione":"CAMPIONATI REGIONALI LAZIO",
        "id_tipo_risultato":1,
        "stagione":2001,
        "sesso":"M",
        "gara":"200 Dorso",
        "sigla_comitato":"FIN",
        "id_lunghezza_vasca":2,
        "livello":"true",
        "_version_":1751350051301490688},
      {
        "piazzamento":0,
        "ordine":1,
        "lunghezza_vasca":"50m",
        "atleta":"MASCI FEDERICO",
        "corsia":0,
        "cognome":"MASCI",
        "luogo":"ROMA",
        "data_risultato":1021068000,
        "tempo_base":5634,
        "id_evento":104174,
        "id_categoria":"62",
        "id_societa":804,
        "turno":"Serie",
        "id_gara":1001669,
        "update_time":"2018-11-04T14:27:54Z",
        "codice_fiscale":"MSCFRC75D11H501C",
        "descrizione_risultato":"Individuale",
        "sigla_categoria":"M25",
        "tempo_ufficiale":11590,
        "codice_gara":"41",
        "id_master_ris":"1939342-804",
        "data_nascita":"1975-04-11T00:00:00Z",
        "denominazione":"Club Nuoto Rieti asd",
        "id":"1939342",
        "id_tipo_cronometraggio":1,
        "descrizione_breve":"100 FA",
        "id_comitato":0,
        "tipo_cronometraggio":"Manuale",
        "lunghezza":"50",
        "straniero":"ITA",
        "id_cp":0,
        "categoria":"Master 25",
        "nome":"FEDERICO",
        "id_turno":1,
        "id_atleta":632277,
        "id_tipo_gara":14,
        "batteria":0,
        "cittadinanza":"ITA",
        "descrizione":"FLAMINIO",
        "id_tipo_risultato":1,
        "stagione":2001,
        "sesso":"M",
        "gara":"100 Farfalla",
        "sigla_comitato":"FIN",
        "id_lunghezza_vasca":2,
        "livello":"true",
        "_version_":1751350053353553923},
      {
        "piazzamento":0,
        "ordine":1,
        "lunghezza_vasca":"50m",
        "atleta":"MASCI FEDERICO",
        "corsia":0,
        "cognome":"MASCI",
        "luogo":"ROMA",
        "data_risultato":1019253600,
        "tempo_base":20700,
        "id_evento":104167,
        "id_categoria":"62",
        "id_societa":804,
        "turno":"Serie",
        "id_gara":1002502,
        "update_time":"2018-11-04T14:27:54Z",
        "codice_fiscale":"MSCFRC75D11H501C",
        "descrizione_risultato":"Individuale",
        "sigla_categoria":"M25",
        "tempo_ufficiale":25036,
        "codice_gara":"52",
        "id_master_ris":"1933777-804",
        "data_nascita":"1975-04-11T00:00:00Z",
        "denominazione":"Club Nuoto Rieti asd",
        "id":"1933777",
        "id_tipo_cronometraggio":1,
        "descrizione_breve":"200 MI",
        "id_comitato":0,
        "tipo_cronometraggio":"Manuale",
        "lunghezza":"50",
        "straniero":"ITA",
        "id_cp":0,
        "categoria":"Master 25",
        "nome":"FEDERICO",
        "id_turno":1,
        "id_atleta":632277,
        "id_tipo_gara":17,
        "batteria":0,
        "cittadinanza":"ITA",
        "descrizione":"1ø TROFEO MASTERS - DISTANZE CORTE",
        "id_tipo_risultato":1,
        "stagione":2001,
        "sesso":"M",
        "gara":"200 Misti",
        "sigla_comitato":"FIN",
        "id_lunghezza_vasca":2,
        "livello":"true",
        "_version_":1751350053530763266},
      {
        "piazzamento":0,
        "ordine":1,
        "lunghezza_vasca":"50m",
        "atleta":"MASCI FEDERICO",
        "corsia":0,
        "cognome":"MASCI",
        "luogo":"CHIANCIANO TERME",
        "data_risultato":1024956000,
        "tempo_base":20700,
        "id_evento":104188,
        "id_categoria":"62",
        "id_societa":804,
        "turno":"Serie",
        "id_gara":1002512,
        "update_time":"2018-11-04T14:27:54Z",
        "codice_fiscale":"MSCFRC75D11H501C",
        "descrizione_risultato":"Individuale",
        "sigla_categoria":"M25",
        "tempo_ufficiale":25401,
        "codice_gara":"52",
        "id_master_ris":"1949436-804",
        "data_nascita":"1975-04-11T00:00:00Z",
        "denominazione":"Club Nuoto Rieti asd",
        "id":"1949436",
        "id_tipo_cronometraggio":2,
        "descrizione_breve":"200 MI",
        "id_comitato":0,
        "tipo_cronometraggio":"Automatico",
        "lunghezza":"50",
        "straniero":"ITA",
        "id_cp":0,
        "categoria":"Master 25",
        "nome":"FEDERICO",
        "id_turno":1,
        "id_atleta":632277,
        "id_tipo_gara":17,
        "batteria":0,
        "cittadinanza":"ITA",
        "descrizione":"CAMPIONATO ITALIANO MASTER NUOTO",
        "id_tipo_risultato":1,
        "stagione":2001,
        "sesso":"M",
        "gara":"200 Misti",
        "sigla_comitato":"FIN",
        "id_lunghezza_vasca":2,
        "livello":"true",
        "_version_":1751350053556977664},
      {
        "piazzamento":0,
        "ordine":1,
        "lunghezza_vasca":"50m",
        "atleta":"MASCI FEDERICO",
        "corsia":0,
        "cognome":"MASCI",
        "luogo":"ROMA",
        "data_risultato":1012604400,
        "tempo_base":43147,
        "id_evento":104140,
        "id_categoria":"62",
        "id_societa":804,
        "turno":"Serie",
        "id_gara":1002798,
        "update_time":"2018-11-04T14:27:54Z",
        "codice_fiscale":"MSCFRC75D11H501C",
        "descrizione_risultato":"Individuale",
        "sigla_categoria":"M25",
        "tempo_ufficiale":60620,
        "codice_gara":"54",
        "id_master_ris":"1917003-804",
        "data_nascita":"1975-04-11T00:00:00Z",
        "denominazione":"Club Nuoto Rieti asd",
        "id":"1917003",
        "id_tipo_cronometraggio":1,
        "descrizione_breve":"400 MI",
        "id_comitato":0,
        "tipo_cronometraggio":"Manuale",
        "lunghezza":"50",
        "straniero":"ITA",
        "id_cp":0,
        "categoria":"Master 25",
        "nome":"FEDERICO",
        "id_turno":1,
        "id_atleta":632277,
        "id_tipo_gara":18,
        "batteria":0,
        "cittadinanza":"ITA",
        "descrizione":"CAMPIONATI REGIONALI LAZIO",
        "id_tipo_risultato":1,
        "stagione":2001,
        "sesso":"M",
        "gara":"400 Misti",
        "sigla_comitato":"FIN",
        "id_lunghezza_vasca":2,
        "livello":"true",
        "_version_":1751350053795004416},
      {
        "piazzamento":0,
        "ordine":1,
        "lunghezza_vasca":"50m",
        "atleta":"MASCI FEDERICO",
        "corsia":0,
        "cognome":"MASCI",
        "luogo":"ROMA",
        "data_risultato":1021068000,
        "tempo_base":43147,
        "id_evento":104174,
        "id_categoria":"62",
        "id_societa":804,
        "turno":"Serie",
        "id_gara":1002803,
        "update_time":"2018-11-04T14:27:54Z",
        "codice_fiscale":"MSCFRC75D11H501C",
        "descrizione_risultato":"Individuale",
        "sigla_categoria":"M25",
        "tempo_ufficiale":61000,
        "codice_gara":"54",
        "id_master_ris":"1939344-804",
        "data_nascita":"1975-04-11T00:00:00Z",
        "denominazione":"Club Nuoto Rieti asd",
        "id":"1939344",
        "id_tipo_cronometraggio":1,
        "descrizione_breve":"400 MI",
        "id_comitato":0,
        "tipo_cronometraggio":"Manuale",
        "lunghezza":"50",
        "straniero":"ITA",
        "id_cp":0,
        "categoria":"Master 25",
        "nome":"FEDERICO",
        "id_turno":1,
        "id_atleta":632277,
        "id_tipo_gara":18,
        "batteria":0,
        "cittadinanza":"ITA",
        "descrizione":"FLAMINIO",
        "id_tipo_risultato":1,
        "stagione":2001,
        "sesso":"M",
        "gara":"400 Misti",
        "sigla_comitato":"FIN",
        "id_lunghezza_vasca":2,
        "livello":"true",
        "_version_":1751350053797101569},
      {
        "piazzamento":0,
        "ordine":1,
        "lunghezza_vasca":"50m",
        "atleta":"MASCI FEDERICO",
        "corsia":0,
        "cognome":"MASCI",
        "luogo":"CITTA\\'DI CASTELLO",
        "data_risultato":1022882400,
        "tempo_base":43147,
        "id_evento":104183,
        "id_categoria":"62",
        "id_societa":804,
        "turno":"Serie",
        "id_gara":1002804,
        "update_time":"2018-11-04T14:27:54Z",
        "codice_fiscale":"MSCFRC75D11H501C",
        "descrizione_risultato":"Individuale",
        "sigla_categoria":"M25",
        "tempo_ufficiale":60407,
        "codice_gara":"54",
        "id_master_ris":"1946799-804",
        "data_nascita":"1975-04-11T00:00:00Z",
        "denominazione":"Club Nuoto Rieti asd",
        "id":"1946799",
        "id_tipo_cronometraggio":1,
        "descrizione_breve":"400 MI",
        "id_comitato":0,
        "tipo_cronometraggio":"Manuale",
        "lunghezza":"50",
        "straniero":"ITA",
        "id_cp":0,
        "categoria":"Master 25",
        "nome":"FEDERICO",
        "id_turno":1,
        "id_atleta":632277,
        "id_tipo_gara":18,
        "batteria":0,
        "cittadinanza":"ITA",
        "descrizione":"XVIII MEET.MAST.INTERNAZ.CITTA\\'DI CASTELLO T.GALLU",
        "id_tipo_risultato":1,
        "stagione":2001,
        "sesso":"M",
        "gara":"400 Misti",
        "sigla_comitato":"FIN",
        "id_lunghezza_vasca":2,
        "livello":"true",
        "_version_":1751350053798150147},
      {
        "piazzamento":0,
        "ordine":1,
        "lunghezza_vasca":"50m",
        "atleta":"MASCI FEDERICO",
        "corsia":0,
        "cognome":"MASCI",
        "luogo":"CHIANCIANO TERME",
        "data_risultato":1024956000,
        "tempo_base":43147,
        "id_evento":104188,
        "id_categoria":"62",
        "id_societa":804,
        "turno":"Serie",
        "id_gara":1002805,
        "update_time":"2018-11-04T14:27:54Z",
        "codice_fiscale":"MSCFRC75D11H501C",
        "descrizione_risultato":"Individuale",
        "sigla_categoria":"M25",
        "tempo_ufficiale":61755,
        "codice_gara":"54",
        "id_master_ris":"1949437-804",
        "data_nascita":"1975-04-11T00:00:00Z",
        "denominazione":"Club Nuoto Rieti asd",
        "id":"1949437",
        "id_tipo_cronometraggio":2,
        "descrizione_breve":"400 MI",
        "id_comitato":0,
        "tipo_cronometraggio":"Automatico",
        "lunghezza":"50",
        "straniero":"ITA",
        "id_cp":0,
        "categoria":"Master 25",
        "nome":"FEDERICO",
        "id_turno":1,
        "id_atleta":632277,
        "id_tipo_gara":18,
        "batteria":0,
        "cittadinanza":"ITA",
        "descrizione":"CAMPIONATO ITALIANO MASTER NUOTO",
        "id_tipo_risultato":1,
        "stagione":2001,
        "sesso":"M",
        "gara":"400 Misti",
        "sigla_comitato":"FIN",
        "id_lunghezza_vasca":2,
        "livello":"true",
        "_version_":1751350053800247298},
      {
        "piazzamento":0,
        "ordine":1,
        "lunghezza_vasca":"25m",
        "atleta":"MASCI FEDERICO",
        "corsia":0,
        "cognome":"MASCI",
        "luogo":"Viterbo",
        "data_risultato":1516402800,
        "tempo_base":2662,
        "id_evento":132973,
        "id_categoria":"68",
        "id_societa":826,
        "turno":"Serie",
        "id_gara":1053877,
        "update_time":"2018-11-04T14:29:32Z",
        "codice_fiscale":"MSCFRC75D11H501C",
        "descrizione_risultato":"Individuale",
        "sigla_categoria":"M40",
        "tempo_ufficiale":3208,
        "codice_gara":"20",
        "id_master_ris":"1990377-826",
        "data_nascita":"1975-04-11T00:00:00Z",
        "denominazione":"Flaminio Sporting Club",
        "id":"1990377",
        "id_tipo_cronometraggio":2,
        "descrizione_breve":"50 DO",
        "id_comitato":0,
        "tipo_cronometraggio":"Automatico",
        "lunghezza":"25",
        "straniero":"ITA",
        "id_cp":0,
        "categoria":"Master 40",
        "nome":"FEDERICO",
        "id_turno":1,
        "id_atleta":632277,
        "id_tipo_gara":7,
        "batteria":0,
        "cittadinanza":"ITA",
        "descrizione":"1° Trofeo AB Team",
        "id_tipo_risultato":1,
        "stagione":2017,
        "sesso":"M",
        "gara":"50 Dorso",
        "sigla_comitato":"FIN",
        "id_lunghezza_vasca":1,
        "livello":"true",
        "_version_":1751350063027716096},
      {
        "piazzamento":0,
        "ordine":1,
        "lunghezza_vasca":"25m",
        "atleta":"MASCI FEDERICO",
        "corsia":0,
        "cognome":"MASCI",
        "luogo":"Roma",
        "data_risultato":1511046000,
        "tempo_base":5755,
        "id_evento":132943,
        "id_categoria":"68",
        "id_societa":826,
        "turno":"Serie",
        "id_gara":1055657,
        "update_time":"2018-11-04T14:29:32Z",
        "codice_fiscale":"MSCFRC75D11H501C",
        "descrizione_risultato":"Individuale",
        "sigla_categoria":"M40",
        "tempo_ufficiale":11108,
        "codice_gara":"21",
        "id_master_ris":"1966552-826",
        "data_nascita":"1975-04-11T00:00:00Z",
        "denominazione":"Flaminio Sporting Club",
        "id":"1966552",
        "id_tipo_cronometraggio":2,
        "descrizione_breve":"100 DO",
        "id_comitato":0,
        "tipo_cronometraggio":"Automatico",
        "lunghezza":"25",
        "straniero":"ITA",
        "id_cp":0,
        "categoria":"Master 40",
        "nome":"FEDERICO",
        "id_turno":1,
        "id_atleta":632277,
        "id_tipo_gara":8,
        "batteria":0,
        "cittadinanza":"ITA",
        "descrizione":"2° Meeting Olgiata 20.12",
        "id_tipo_risultato":1,
        "stagione":2017,
        "sesso":"M",
        "gara":"100 Dorso",
        "sigla_comitato":"FIN",
        "id_lunghezza_vasca":1,
        "livello":"true",
        "_version_":1751350063464972289},
      {
        "piazzamento":0,
        "ordine":1,
        "lunghezza_vasca":"25m",
        "atleta":"MASCI FEDERICO",
        "corsia":0,
        "cognome":"MASCI",
        "luogo":"Viterbo",
        "data_risultato":1516402800,
        "tempo_base":20663,
        "id_evento":132973,
        "id_categoria":"68",
        "id_societa":826,
        "turno":"Serie",
        "id_gara":1056782,
        "update_time":"2018-11-04T14:29:32Z",
        "codice_fiscale":"MSCFRC75D11H501C",
        "descrizione_risultato":"Individuale",
        "sigla_categoria":"M40",
        "tempo_ufficiale":23167,
        "codice_gara":"22",
        "id_master_ris":"1989793-826",
        "data_nascita":"1975-04-11T00:00:00Z",
        "denominazione":"Flaminio Sporting Club",
        "id":"1989793",
        "id_tipo_cronometraggio":2,
        "descrizione_breve":"200 DO",
        "id_comitato":0,
        "tipo_cronometraggio":"Automatico",
        "lunghezza":"25",
        "straniero":"ITA",
        "id_cp":0,
        "categoria":"Master 40",
        "nome":"FEDERICO",
        "id_turno":1,
        "id_atleta":632277,
        "id_tipo_gara":9,
        "batteria":0,
        "cittadinanza":"ITA",
        "descrizione":"1° Trofeo AB Team",
        "id_tipo_risultato":1,
        "stagione":2017,
        "sesso":"M",
        "gara":"200 Dorso",
        "sigla_comitato":"FIN",
        "id_lunghezza_vasca":1,
        "livello":"true",
        "_version_":1751350063680978947},
      {
        "piazzamento":0,
        "ordine":1,
        "lunghezza_vasca":"25m",
        "atleta":"MASCI FEDERICO",
        "corsia":0,
        "cognome":"MASCI",
        "luogo":"Roma",
        "data_risultato":1515798000,
        "tempo_base":2513,
        "id_evento":132968,
        "id_categoria":"68",
        "id_societa":826,
        "turno":"Serie",
        "id_gara":1063613,
        "update_time":"2018-11-04T14:29:32Z",
        "codice_fiscale":"MSCFRC75D11H501C",
        "descrizione_risultato":"Individuale",
        "sigla_categoria":"M40",
        "tempo_ufficiale":3186,
        "codice_gara":"40",
        "id_master_ris":"1986805-826",
        "data_nascita":"1975-04-11T00:00:00Z",
        "denominazione":"Flaminio Sporting Club",
        "id":"1986805",
        "id_tipo_cronometraggio":2,
        "descrizione_breve":"50 FA",
        "id_comitato":0,
        "tipo_cronometraggio":"Automatico",
        "lunghezza":"25",
        "straniero":"ITA",
        "id_cp":0,
        "categoria":"Master 40",
        "nome":"FEDERICO",
        "id_turno":1,
        "id_atleta":632277,
        "id_tipo_gara":13,
        "batteria":0,
        "cittadinanza":"ITA",
        "descrizione":"22° Trofeo Forum Sprint",
        "id_tipo_risultato":1,
        "stagione":2017,
        "sesso":"M",
        "gara":"50 Farfalla",
        "sigla_comitato":"FIN",
        "id_lunghezza_vasca":1,
        "livello":"true",
        "_version_":1751350065804345344},
      {
        "piazzamento":0,
        "ordine":1,
        "lunghezza_vasca":"25m",
        "atleta":"MASCI FEDERICO",
        "corsia":0,
        "cognome":"MASCI",
        "luogo":"Roma",
        "data_risultato":1515798000,
        "tempo_base":5834,
        "id_evento":132968,
        "id_categoria":"68",
        "id_societa":826,
        "turno":"Serie",
        "id_gara":1066691,
        "update_time":"2018-11-04T14:29:32Z",
        "codice_fiscale":"MSCFRC75D11H501C",
        "descrizione_risultato":"Individuale",
        "sigla_categoria":"M40",
        "tempo_ufficiale":11028,
        "codice_gara":"51",
        "id_master_ris":"1986375-826",
        "data_nascita":"1975-04-11T00:00:00Z",
        "denominazione":"Flaminio Sporting Club",
        "id":"1986375",
        "id_tipo_cronometraggio":2,
        "descrizione_breve":"100 MI",
        "id_comitato":0,
        "tipo_cronometraggio":"Automatico",
        "lunghezza":"25",
        "straniero":"ITA",
        "id_cp":0,
        "categoria":"Master 40",
        "nome":"FEDERICO",
        "id_turno":1,
        "id_atleta":632277,
        "id_tipo_gara":16,
        "batteria":0,
        "cittadinanza":"ITA",
        "descrizione":"22° Trofeo Forum Sprint",
        "id_tipo_risultato":1,
        "stagione":2017,
        "sesso":"M",
        "gara":"100 Misti",
        "sigla_comitato":"FIN",
        "id_lunghezza_vasca":1,
        "livello":"true",
        "_version_":1751350066855018498},
      {
        "piazzamento":0,
        "ordine":1,
        "lunghezza_vasca":"25m",
        "atleta":"MASCI FEDERICO",
        "corsia":0,
        "cognome":"MASCI",
        "luogo":"Roma",
        "data_risultato":1511046000,
        "tempo_base":20805,
        "id_evento":132943,
        "id_categoria":"68",
        "id_societa":826,
        "turno":"Serie",
        "id_gara":1067833,
        "update_time":"2018-11-04T14:29:32Z",
        "codice_fiscale":"MSCFRC75D11H501C",
        "descrizione_risultato":"Individuale",
        "sigla_categoria":"M40",
        "tempo_ufficiale":24447,
        "codice_gara":"52",
        "id_master_ris":"1966827-826",
        "data_nascita":"1975-04-11T00:00:00Z",
        "denominazione":"Flaminio Sporting Club",
        "id":"1966827",
        "id_tipo_cronometraggio":2,
        "descrizione_breve":"200 MI",
        "id_comitato":0,
        "tipo_cronometraggio":"Automatico",
        "lunghezza":"25",
        "straniero":"ITA",
        "id_cp":0,
        "categoria":"Master 40",
        "nome":"FEDERICO",
        "id_turno":1,
        "id_atleta":632277,
        "id_tipo_gara":17,
        "batteria":0,
        "cittadinanza":"ITA",
        "descrizione":"2° Meeting Olgiata 20.12",
        "id_tipo_risultato":1,
        "stagione":2017,
        "sesso":"M",
        "gara":"200 Misti",
        "sigla_comitato":"FIN",
        "id_lunghezza_vasca":1,
        "livello":"true",
        "_version_":1751350067380355072},
      {
        "piazzamento":0,
        "ordine":1,
        "lunghezza_vasca":"25m",
        "atleta":"MASCI FEDERICO",
        "corsia":0,
        "cognome":"MASCI",
        "luogo":"Pomezia",
        "data_risultato":1520722800,
        "tempo_base":2327,
        "id_evento":132999,
        "id_categoria":"68",
        "id_societa":826,
        "turno":"Serie",
        "id_gara":1045071,
        "update_time":"2018-11-04T14:31:10Z",
        "codice_fiscale":"MSCFRC75D11H501C",
        "descrizione_risultato":"Individuale",
        "sigla_categoria":"M40",
        "tempo_ufficiale":2988,
        "codice_gara":"00",
        "id_master_ris":"2014750-826",
        "data_nascita":"1975-04-11T00:00:00Z",
        "denominazione":"Flaminio Sporting Club",
        "id":"2014750",
        "id_tipo_cronometraggio":2,
        "descrizione_breve":"50 SL",
        "id_comitato":0,
        "tipo_cronometraggio":"Automatico",
        "lunghezza":"25",
        "straniero":"ITA",
        "id_cp":0,
        "categoria":"Master 40",
        "nome":"FEDERICO",
        "id_turno":1,
        "id_atleta":632277,
        "id_tipo_gara":1,
        "batteria":0,
        "cittadinanza":"ITA",
        "descrizione":"7° Trofeo Latina Aquateam",
        "id_tipo_risultato":1,
        "stagione":2017,
        "sesso":"M",
        "gara":"50 Stile Libero",
        "sigla_comitato":"FIN",
        "id_lunghezza_vasca":1,
        "livello":"true",
        "_version_":1751350074338705409}]
  }}
